GEOGRAPHY,BA_CODE,ECODE,AREA_NAME,BAND_A,BAND_B,BAND_C,BAND_D,BAND_E,BAND_F,BAND_G,BAND_H,BAND_I,ALL_PROPERTIES
ENGWAL,N/A,K04000001,ENGLAND AND WALES,"6,043,050","4,967,220","5,488,220","3,890,520","2,444,090","1,306,860","885,030","151,670","5,480","25,182,140"
NATL,N/A,E92000001,ENGLAND,"5,834,040","4,668,670","5,180,720","3,662,340","2,255,520","1,192,470","832,840","139,050",N/A,"23,765,650"
REGL,N/A,E12000001,NORTH EAST,"660,250","187,250","178,400","98,400","49,980","21,740","12,490","1,410",N/A,"1,209,920"
LAUA,1355,E06000047,County Durham UA,"143,470","31,270","29,460","20,320","9,900","3,850","2,100",270,N/A,"240,620"
LAUA,1350,E06000005,Darlington UA,"22,690","10,140","7,100","5,150","2,920","1,200",540,50,N/A,"49,780"
LAUA,0724,E06000001,Hartlepool UA,"24,050","7,270","6,080","3,160","1,600",630,440,60,N/A,"43,290"
LAUA,0734,E06000002,Middlesbrough UA,"33,170","10,500","10,630","4,860","2,100",730,490,50,N/A,"62,510"
LAUA,2935,E06000057,Northumberland UA,"70,420","23,670","19,170","15,630","10,180","6,460","3,960",510,N/A,"150,000"
LAUA,0728,E06000003,Redcar and Cleveland UA,"26,640","13,090","13,780","5,430","3,120",870,400,30,N/A,"63,340"
LAUA,0738,E06000004,Stockton-on-Tees UA,"34,980","16,260","15,470","9,360","5,330","2,180","1,280",120,N/A,"84,990"
CTYMET,N/A,E11000007,Tyne and Wear (Met County),"304,840","75,040","76,730","34,490","14,840","5,830","3,310",320,N/A,"515,390"
LAUA,4505,E08000037,Gateshead,"56,440","12,610","14,900","5,570","2,230",810,370,50,N/A,"92,970"
LAUA,4510,E08000021,Newcastle upon Tyne,"73,320","19,590","18,230","8,600","4,350","2,170","1,650",130,N/A,"128,030"
LAUA,4515,E08000022,North Tyneside,"49,900","15,250","18,660","7,520","3,430","1,120",340,40,N/A,"96,260"
LAUA,4520,E08000023,South Tyneside,"45,910","9,730","8,190","4,320","1,740",690,330,50,N/A,"70,950"
LAUA,4525,E08000024,Sunderland,"79,260","17,870","16,760","8,490","3,090","1,040",610,60,N/A,"127,180"
REGL,N/A,E12000002,NORTH WEST,"1,338,140","647,560","564,640","326,700","189,060","92,200","60,590","6,700",N/A,"3,225,590"
LAUA,2372,E06000008,Blackburn with Darwen UA,"35,360","9,250","8,300","4,260","2,000",770,570,70,N/A,"60,570"
LAUA,2373,E06000009,Blackpool UA,"31,720","20,800","11,230","4,590","1,820",550,250,30,N/A,"70,990"
LAUA,0660,E06000049,Cheshire East UA,"30,040","35,370","33,430","24,970","19,330","13,240","11,910","1,790",N/A,"170,070"
LAUA,0665,E06000050,Cheshire West and Chester UA,"33,240","36,060","30,150","20,580","15,440","9,260","7,360",580,N/A,"152,670"
LAUA,0650,E06000006,Halton UA,"26,230","12,010","7,810","4,790","3,470","1,080",380,40,N/A,"55,810"
LAUA,0655,E06000007,Warrington UA,"26,570","20,190","19,190","11,610","7,010","4,410","2,600",200,N/A,"91,770"
CTYMET,N/A,E10000006,Cumbria,"92,550","47,430","40,930","30,620","18,880","8,500","4,230",410,N/A,"243,540"
LAUA,0905,E07000026,Allerdale,"22,090","7,610","7,120","5,240","2,900","1,060",470,30,N/A,"46,510"
LAUA,0910,E07000027,Barrow-in-Furness,"19,790","5,460","4,670","2,310",980,230,70,10,N/A,"33,520"
LAUA,0915,E07000028,Carlisle,"22,360","11,830","7,530","5,340","2,660","1,110",360,30,N/A,"51,200"
LAUA,0920,E07000029,Copeland,"19,250","4,590","4,070","3,090","1,820",440,90,20,N/A,"33,370"
LAUA,0925,E07000030,Eden,"4,260","7,060","5,330","4,640","3,240","1,030",390,50,N/A,"26,000"
LAUA,0930,E07000031,South Lakeland,"4,800","10,890","12,220","10,000","7,280","4,630","2,860",270,N/A,"52,940"
CTYMET,N/A,E11000001,Greater Manchester (Met County),"555,380","232,450","207,250","108,770","56,600","23,880","14,850","2,020",N/A,"1,201,200"
LAUA,4205,E08000001,Bolton,"63,950","21,390","18,260","10,370","5,410","2,220","1,800",230,N/A,"123,630"
LAUA,4210,E08000002,Bury,"30,090","18,180","17,120","8,930","5,310","1,800","1,250",180,N/A,"82,850"
LAUA,4215,E08000003,Manchester,"131,560","37,940","31,740","15,020","5,400","2,000",780,100,N/A,"224,540"
LAUA,4220,E08000004,Oldham,"50,320","16,880","15,900","6,690","3,240","1,510",860,80,N/A,"95,480"
LAUA,4225,E08000005,Rochdale,"51,080","15,310","11,790","7,730","4,250","1,620",860,50,N/A,"92,710"
LAUA,4230,E08000006,Salford,"59,260","24,290","15,810","7,980","3,340","1,400",830,100,N/A,"113,010"
LAUA,4235,E08000007,Stockport,"30,930","27,460","27,840","19,030","12,580","6,120","3,300",190,N/A,"127,460"
LAUA,4240,E08000008,Tameside,"52,290","18,610","18,960","6,550","3,560",880,390,40,N/A,"101,290"
LAUA,4245,E08000009,Trafford,"18,550","20,990","26,440","14,650","7,690","4,480","4,140",990,N/A,"97,940"
LAUA,4250,E08000010,Wigan,"67,340","31,410","23,380","11,810","5,820","1,850",630,50,N/A,"142,300"
CTYMET,N/A,E10000017,Lancashire,"199,870","104,460","98,770","64,590","38,360","18,370","10,350",850,N/A,"535,610"
LAUA,2315,E07000117,Burnley,"24,940","5,220","6,100","2,760","1,250",320,130,20,N/A,"40,740"
LAUA,2320,E07000118,Chorley,"14,690","11,190","9,300","6,540","4,690","2,030",860,70,N/A,"49,360"
LAUA,2325,E07000119,Fylde,"6,950","6,320","8,700","6,940","4,620","2,490","1,530",120,N/A,"37,670"
LAUA,2330,E07000120,Hyndburn,"21,740","5,480","5,500","2,650",860,280,170,10,N/A,"36,690"
LAUA,2335,E07000121,Lancaster,"22,320","15,920","12,130","6,270","3,850","1,910",830,70,N/A,"63,290"
LAUA,2340,E07000122,Pendle,"24,740","4,540","4,290","3,170","1,740",940,520,50,N/A,"39,990"
LAUA,2345,E07000123,Preston,"28,630","12,170","9,610","6,330","2,530","1,310",890,60,N/A,"61,540"
LAUA,2350,E07000124,Ribble Valley,"3,660","5,000","4,970","4,550","3,450","2,140","1,900",210,N/A,"25,880"
LAUA,2355,E07000125,Rossendale,"16,200","4,980","4,100","3,290","1,910",650,440,40,N/A,"31,590"
LAUA,2360,E07000126,South Ribble,"9,910","12,970","12,050","7,830","3,930","1,580",510,30,N/A,"48,810"
LAUA,2365,E07000127,West Lancashire,"14,320","8,820","9,750","6,970","4,750","2,440","1,550",90,N/A,"48,690"
LAUA,2370,E07000128,Wyre,"11,770","11,850","12,280","7,310","4,790","2,300","1,010",80,N/A,"51,380"
CTYMET,N/A,E11000002,Merseyside (Met County),"307,210","129,540","107,590","51,930","26,160","12,140","8,090",710,N/A,"643,370"
LAUA,4305,E08000011,Knowsley,"37,500","13,630","8,980","3,960","1,600",280,130,20,N/A,"66,100"
LAUA,4310,E08000012,Liverpool,"134,050","38,840","26,520","13,370","4,860","2,180","1,620",150,N/A,"221,590"
LAUA,4320,E08000014,Sefton,"39,290","27,120","30,110","14,900","8,270","3,860","2,700",250,N/A,"126,490"
LAUA,4315,E08000013,St. Helens,"36,930","17,970","14,860","6,490","3,340","1,580",550,40,N/A,"81,760"
LAUA,4325,E08000015,Wirral,"59,450","31,980","27,120","13,210","8,090","4,240","3,090",260,N/A,"147,430"
REGL,N/A,E12000003,YORKSHIRE AND THE HUMBER,"1,034,310","479,200","395,480","223,820","139,320","66,980","38,090","3,410",N/A,"2,380,620"
LAUA,2001,E06000011,East Riding of Yorkshire UA,"39,850","35,750","29,750","23,270","14,700","6,540","3,040",260,N/A,"153,150"
LAUA,2004,E06000010,"Kingston upon Hull, City of UA","80,990","22,200","10,080","4,070","1,240",310,60,40,N/A,"119,000"
LAUA,2002,E06000012,North East Lincolnshire UA,"38,540","17,340","8,680","4,910","2,010",710,450,60,N/A,"72,690"
LAUA,2003,E06000013,North Lincolnshire UA,"35,240","15,280","11,100","7,400","3,670","1,470",500,30,N/A,"74,680"
LAUA,2741,E06000014,York UA,"11,000","24,730","26,290","12,910","7,400","3,380","1,680",120,N/A,"87,510"
CTYMET,N/A,E10000023,North Yorkshire,"47,350","61,960","63,030","41,980","33,320","19,920","12,780","1,220",N/A,"281,540"
LAUA,2705,E07000163,Craven,"4,250","6,090","5,900","4,230","3,180","1,980","1,280",110,N/A,"27,020"
LAUA,2710,E07000164,Hambleton,"3,670","8,510","9,140","6,790","6,000","3,940","2,420",170,N/A,"40,620"
LAUA,2715,E07000165,Harrogate,"8,420","13,890","16,400","10,620","9,290","6,280","5,510",630,N/A,"71,040"
LAUA,2720,E07000166,Richmondshire,"3,680","4,840","5,360","3,450","3,170","1,640",820,100,N/A,"23,060"
LAUA,2725,E07000167,Ryedale,"2,360","6,200","5,750","4,240","3,360","2,030","1,160",110,N/A,"25,200"
LAUA,2730,E07000168,Scarborough,"16,220","14,550","12,610","7,030","3,980","1,670",680,50,N/A,"56,780"
LAUA,2735,E07000169,Selby,"8,750","7,880","7,860","5,620","4,360","2,390",910,60,N/A,"37,810"
CTYMET,N/A,E11000003,South Yorkshire (Met County),"348,910","102,850","73,230","41,560","21,330","9,160","4,890",410,N/A,"602,340"
LAUA,4405,E08000016,Barnsley,"64,250","17,570","12,790","8,360","3,580","1,390",610,50,N/A,"108,610"
LAUA,4410,E08000017,Doncaster,"79,630","24,080","14,540","8,800","4,310","1,950",870,130,N/A,"134,300"
LAUA,4415,E08000018,Rotherham,"62,850","22,350","15,090","8,800","4,500","1,680",680,60,N/A,"116,000"
LAUA,4420,E08000019,Sheffield,"142,180","38,850","30,800","15,600","8,940","4,140","2,730",180,N/A,"243,430"
CTYMET,N/A,E11000006,West Yorkshire (Met County),"432,440","199,090","173,320","87,740","55,650","25,500","14,700","1,290",N/A,"989,720"
LAUA,4705,E08000032,Bradford,"90,700","45,030","39,040","17,420","12,030","5,700","3,570",310,N/A,"213,790"
LAUA,4710,E08000033,Calderdale,"44,290","18,020","15,220","7,210","5,330","2,800","1,290",50,N/A,"94,210"
LAUA,4715,E08000034,Kirklees,"83,480","34,150","31,260","16,410","11,110","5,000","2,060",150,N/A,"183,610"
LAUA,4720,E08000035,Leeds,"135,520","73,810","66,420","33,150","20,390","9,770","6,740",700,N/A,"346,490"
LAUA,4725,E08000036,Wakefield,"78,450","28,080","21,390","13,560","6,790","2,240","1,040",80,N/A,"151,620"
REGL,N/A,E12000004,EAST MIDLANDS,"760,800","460,910","367,220","219,690","130,830","63,470","35,280","3,110",N/A,"2,041,300"
LAUA,1055,E06000015,Derby UA,"56,080","20,780","16,240","8,280","4,270","2,230",640,50,N/A,"108,570"
LAUA,2465,E06000016,Leicester UA,"79,870","26,060","15,560","6,740","3,270","1,460",600,60,N/A,"133,620"
LAUA,3060,E06000018,Nottingham UA,"85,800","22,430","15,880","6,690","2,390","1,020",700,110,N/A,"135,000"
LAUA,2470,E06000017,Rutland UA,"1,610","4,520","3,030","2,410","2,280","1,590","1,250",150,N/A,"16,820"
CTYMET,N/A,E10000007,Derbyshire,"133,770","79,780","58,930","38,800","23,190","11,620","6,820",530,N/A,"353,450"
LAUA,1005,E07000032,Amber Valley,"22,050","11,780","10,170","6,080","2,990","1,600","1,350",130,N/A,"56,140"
LAUA,1010,E07000033,Bolsover,"21,680","5,680","4,040","2,330","1,070",310,120,20,N/A,"35,240"
LAUA,1015,E07000034,Chesterfield,"26,610","10,130","6,170","3,690","1,770",520,220,20,N/A,"49,130"
LAUA,1045,E07000035,Derbyshire Dales,"3,510","7,220","7,370","5,540","4,800","2,940","2,060",130,N/A,"33,580"
LAUA,1025,E07000036,Erewash,"21,320","13,690","7,750","5,000","2,250",840,490,40,N/A,"51,370"
LAUA,1030,E07000037,High Peak,"8,450","12,800","8,730","4,710","3,650","2,080",830,50,N/A,"41,290"
LAUA,1035,E07000038,North East Derbyshire,"18,810","8,810","7,410","4,770","2,910","1,440",840,70,N/A,"45,040"
LAUA,1040,E07000039,South Derbyshire,"11,360","9,660","7,290","6,670","3,760","1,900",920,90,N/A,"41,660"
CTYMET,N/A,E10000018,Leicestershire,"47,110","84,900","63,690","42,040","28,150","13,190","8,050",750,N/A,"287,880"
LAUA,2405,E07000129,Blaby,"4,680","14,690","9,450","6,360","3,960","1,380",500,40,N/A,"41,060"
LAUA,2410,E07000130,Charnwood,"12,300","20,240","17,890","10,150","6,340","3,050","1,890",210,N/A,"72,050"
LAUA,2415,E07000131,Harborough,"4,410","8,180","7,560","6,040","5,820","3,300","2,430",230,N/A,"37,960"
LAUA,2420,E07000132,Hinckley and Bosworth,"8,290","15,400","10,770","7,170","4,070","2,070",980,60,N/A,"48,810"
LAUA,2430,E07000133,Melton,"3,570","7,060","3,750","3,470","2,330","1,380",930,90,N/A,"22,580"
LAUA,2435,E07000134,North West Leicestershire,"9,960","13,240","7,220","5,830","3,780","1,470",870,50,N/A,"42,410"
LAUA,2440,E07000135,Oadby and Wigston,"3,910","6,090","7,050","3,030","1,850",550,450,80,N/A,"23,020"
CTYMET,N/A,E10000019,Lincolnshire,"131,040","71,490","67,270","35,960","19,000","7,740","2,810",340,N/A,"335,650"
LAUA,2505,E07000136,Boston,"14,240","5,810","5,900","2,010",800,210,80,10,N/A,"29,050"
LAUA,2510,E07000137,East Lindsey,"26,850","14,020","15,630","6,260","3,220","1,120",530,50,N/A,"67,660"
LAUA,2515,E07000138,Lincoln,"26,880","8,750","4,820","2,510","1,200",390,130,50,N/A,"44,710"
LAUA,2520,E07000139,North Kesteven,"13,210","12,260","12,620","6,490","3,160","1,460",410,60,N/A,"49,660"
LAUA,2525,E07000140,South Holland,"15,140","8,540","9,760","4,090","1,770",370,100,10,N/A,"39,760"
LAUA,2530,E07000141,South Kesteven,"18,870","14,210","10,990","8,950","5,490","2,810","1,050",100,N/A,"62,460"
LAUA,2535,E07000142,West Lindsey,"15,870","7,920","7,550","5,670","3,360","1,400",510,70,N/A,"42,350"
CTYMET,N/A,E10000021,Northamptonshire,"83,220","77,110","65,470","38,090","25,660","13,750","8,410",660,N/A,"312,370"
LAUA,2805,E07000150,Corby,"13,790","6,300","3,780","2,720","1,390",270,150,20,N/A,"28,430"
LAUA,2810,E07000151,Daventry,"3,710","8,340","7,610","5,210","4,270","2,660","2,190",140,N/A,"34,130"
LAUA,2815,E07000152,East Northamptonshire,"9,260","10,670","6,370","5,020","3,750","2,400","1,410",140,N/A,"39,020"
LAUA,2820,E07000153,Kettering,"13,270","12,010","8,130","4,870","3,040","1,360",650,50,N/A,"43,380"
LAUA,2825,E07000154,Northampton,"30,690","21,340","23,220","10,740","5,520","2,450","1,260",80,N/A,"95,300"
LAUA,2830,E07000155,South Northamptonshire,"2,010","8,460","9,500","5,940","5,580","3,810","2,280",180,N/A,"37,760"
LAUA,2835,E07000156,Wellingborough,"10,500","9,990","6,860","3,600","2,110",790,470,40,N/A,"34,350"
CTYMET,N/A,E10000024,Nottinghamshire,"142,310","73,840","61,170","40,680","22,620","10,870","6,010",470,N/A,"357,960"
LAUA,3005,E07000170,Ashfield,"29,420","11,050","8,550","3,800","1,300",450,130,20,N/A,"54,720"
LAUA,3010,E07000171,Bassetlaw,"26,520","7,620","6,170","5,950","3,020","1,430",680,60,N/A,"51,450"
LAUA,3015,E07000172,Broxtowe,"16,240","12,920","10,810","5,910","2,620",740,450,30,N/A,"49,720"
LAUA,3020,E07000173,Gedling,"14,420","14,950","10,020","6,580","3,820","1,380",840,90,N/A,"52,090"
LAUA,3025,E07000174,Mansfield,"26,840","9,480","6,550","3,700","1,420",380,180,30,N/A,"48,580"
LAUA,3030,E07000175,Newark and Sherwood,"22,650","7,830","8,500","5,670","4,020","2,550","1,410",130,N/A,"52,760"
LAUA,3040,E07000176,Rushcliffe,"6,220","9,990","10,570","9,070","6,410","3,930","2,340",130,N/A,"48,640"
REGL,N/A,E12000005,WEST MIDLANDS,"751,780","616,290","475,440","272,130","171,140","92,900","56,170","5,610",N/A,"2,441,460"
LAUA,1850,E06000019,"Herefordshire, County of UA","12,950","19,510","16,380","13,070","11,410","6,690","3,540",180,N/A,"83,730"
LAUA,3245,E06000051,Shropshire UA,"26,130","35,880","28,680","19,890","15,080","8,040","4,440",340,N/A,"138,470"
LAUA,3455,E06000021,Stoke-on-Trent UA,"69,030","23,840","14,870","4,650","1,700",450,120,40,N/A,"114,700"
LAUA,3240,E06000020,Telford and Wrekin UA,"26,390","19,610","11,280","8,290","4,570","2,090","1,020",50,N/A,"73,290"
CTYMET,N/A,E10000028,Staffordshire,"98,830","90,880","77,900","47,310","30,220","16,920","9,550",910,N/A,"372,520"
LAUA,3405,E07000192,Cannock Chase,"13,800","13,470","7,740","4,760","1,690",600,270,20,N/A,"42,330"
LAUA,3410,E07000193,East Staffordshire,"17,690","10,980","8,260","5,720","4,110","2,160","1,110",90,N/A,"50,110"
LAUA,3415,E07000194,Lichfield,"5,780","10,220","10,550","6,540","4,630","3,440","2,500",400,N/A,"44,060"
LAUA,3420,E07000195,Newcastle-under-Lyme,"23,870","10,320","11,180","4,670","2,700","1,720",910,50,N/A,"55,430"
LAUA,3430,E07000196,South Staffordshire,"6,800","10,460","11,070","7,080","5,200","3,330","2,360",210,N/A,"46,510"
LAUA,3425,E07000197,Stafford,"11,950","13,290","13,160","8,930","5,920","3,330","1,560",100,N/A,"58,240"
LAUA,3435,E07000198,Staffordshire Moorlands,"9,550","10,470","10,560","6,120","4,270","1,920",770,30,N/A,"43,690"
LAUA,3445,E07000199,Tamworth,"9,410","11,680","5,390","3,500","1,700",420,70,10,N/A,"32,160"
CTYMET,N/A,E10000031,Warwickshire,"43,390","50,310","61,960","38,500","25,000","14,720","11,190","1,500",N/A,"246,570"
LAUA,3705,E07000218,North Warwickshire,"6,530","7,050","5,960","3,780","2,220","1,210",680,80,N/A,"27,510"
LAUA,3710,E07000219,Nuneaton and Bedworth,"20,300","12,820","12,650","6,850","2,330",620,150,20,N/A,"55,730"
LAUA,3715,E07000220,Rugby,"8,450","11,190","10,820","6,020","4,390","2,730","1,530",100,N/A,"45,230"
LAUA,3720,E07000221,Stratford-on-Avon,"3,380","7,760","15,840","9,390","8,950","5,280","4,870",880,N/A,"56,350"
LAUA,3725,E07000222,Warwick,"4,730","11,490","16,690","12,460","7,120","4,870","3,960",420,N/A,"61,740"
CTYMET,N/A,E11000005,West Midlands (Met County),"434,190","312,580","205,890","103,730","54,840","26,710","15,200","1,750",N/A,"1,154,890"
LAUA,4605,E08000025,Birmingham,"156,970","127,630","76,530","38,520","20,560","8,630","5,750",870,N/A,"435,470"
LAUA,4610,E08000026,Coventry,"56,960","41,410","23,040","9,140","4,590","2,330","1,390",170,N/A,"139,030"
LAUA,4615,E08000027,Dudley,"42,380","38,370","29,960","15,850","6,700","2,420",960,140,N/A,"136,770"
LAUA,4620,E08000028,Sandwell,"57,150","43,180","20,220","7,060","2,840",520,60,40,N/A,"131,060"
LAUA,4625,E08000029,Solihull,"14,040","11,850","21,980","16,520","11,650","8,740","5,310",370,N/A,"90,440"
LAUA,4630,E08000030,Walsall,"50,720","26,430","17,920","10,090","5,580","2,380",770,50,N/A,"113,930"
LAUA,4635,E08000031,Wolverhampton,"55,980","23,720","16,250","6,550","2,920","1,680",950,120,N/A,"108,180"
CTYMET,N/A,E10000034,Worcestershire,"40,860","63,690","58,480","36,700","28,310","17,300","11,110",850,N/A,"257,290"
LAUA,1805,E07000234,Bromsgrove,"3,610","7,190","8,700","7,690","6,780","3,510","2,680",340,N/A,"40,500"
LAUA,1860,E07000235,Malvern Hills,"3,830","7,210","7,440","5,450","4,810","3,560","2,240",120,N/A,"34,670"
LAUA,1825,E07000236,Redditch,"7,630","11,920","7,410","4,280","3,160","1,160",460,20,N/A,"36,050"
LAUA,1835,E07000237,Worcester,"8,270","14,890","11,340","5,360","3,320","1,420",400,10,N/A,"45,010"
LAUA,1840,E07000238,Wychavon,"6,260","11,100","12,370","7,750","6,900","5,930","4,130",220,N/A,"54,660"
LAUA,1845,E07000239,Wyre Forest,"11,250","11,390","11,210","6,170","3,350","1,710","1,200",140,N/A,"46,410"
REGL,N/A,E12000006,EAST,"376,220","556,930","683,660","460,020","280,360","152,430","102,120","13,270",N/A,"2,625,000"
LAUA,0235,E06000055,Bedford UA,"9,660","17,500","17,660","10,770","7,800","4,940","2,890",230,N/A,"71,450"
LAUA,0240,E06000056,Central Bedfordshire UA,"9,740","23,060","32,370","21,820","14,930","8,040","4,710",350,N/A,"115,030"
LAUA,0230,E06000032,Luton UA,"18,160","26,560","22,370","7,710","3,410","1,050",260,30,N/A,"79,560"
LAUA,0540,E06000031,Peterborough UA,"34,240","19,990","13,320","7,550","4,310","1,850",930,70,N/A,"82,260"
LAUA,1590,E06000033,Southend-on-Sea UA,"16,610","15,350","23,390","12,610","6,650","3,620","1,560",120,N/A,"79,890"
LAUA,1595,E06000034,Thurrock UA,"7,360","13,260","26,450","11,680","4,490","2,090",790,40,N/A,"66,150"
CTYMET,N/A,E10000003,Cambridgeshire,"38,580","59,850","72,510","44,400","31,680","17,070","9,750","1,130",N/A,"274,960"
LAUA,0505,E07000008,Cambridge,"3,480","9,880","18,750","9,430","5,400","3,480","2,970",470,N/A,"53,860"
LAUA,0510,E07000009,East Cambridgeshire,"4,530","10,920","7,540","6,720","4,410","1,990",680,80,N/A,"36,880"
LAUA,0515,E07000010,Fenland,"16,580","11,850","8,450","4,370","2,080",540,160,30,N/A,"44,060"
LAUA,0520,E07000011,Huntingdonshire,"11,570","19,910","17,610","11,670","8,850","3,660","1,730",170,N/A,"75,170"
LAUA,0530,E07000012,South Cambridgeshire,"2,430","7,300","20,150","12,220","10,930","7,390","4,200",380,N/A,"64,990"
CTYMET,N/A,E10000012,Essex,"53,670","114,330","183,700","121,920","74,920","42,880","28,530","3,460",N/A,"623,420"
LAUA,1505,E07000066,Basildon,"8,810","15,900","24,220","14,400","7,350","4,560","1,970",160,N/A,"77,370"
LAUA,1510,E07000067,Braintree,"5,920","16,500","18,620","9,200","6,970","4,070","2,200",210,N/A,"63,680"
LAUA,1515,E07000068,Brentwood,640,"2,860","6,510","8,310","5,830","4,400","3,790",570,N/A,"32,900"
LAUA,1520,E07000069,Castle Point,"2,800","6,320","13,730","8,530","4,330","1,790",630,70,N/A,"38,200"
LAUA,1525,E07000070,Chelmsford,"4,460","9,920","22,370","16,510","10,150","5,510","3,740",360,N/A,"73,000"
LAUA,1530,E07000071,Colchester,"9,140","21,540","19,920","14,160","8,160","3,810","2,320",170,N/A,"79,210"
LAUA,1535,E07000072,Epping Forest,"1,790","5,000","11,510","13,790","9,660","6,820","5,870","1,160",N/A,"55,590"
LAUA,1540,E07000073,Harlow,"2,280","7,700","18,780","4,240","2,260",920,400,20,N/A,"36,590"
LAUA,1545,E07000074,Maldon,"2,310","3,650","7,830","5,100","4,320","2,660","1,410",170,N/A,"27,460"
LAUA,1550,E07000075,Rochford,"1,380","3,630","11,540","10,350","4,810","2,300","1,250",80,N/A,"35,350"
LAUA,1560,E07000076,Tendring,"12,940","17,550","20,700","10,460","4,790","1,660",790,80,N/A,"68,960"
LAUA,1570,E07000077,Uttlesford,"1,210","3,780","7,980","6,880","6,290","4,390","4,160",430,N/A,"35,110"
CTYMET,N/A,E10000015,Hertfordshire,"11,060","49,440","136,170","121,830","74,500","44,840","38,560","6,560",N/A,"482,960"
LAUA,1905,E07000095,Broxbourne,560,"3,640","9,270","14,090","7,510","2,790","2,100",170,N/A,"40,130"
LAUA,1910,E07000096,Dacorum,"1,210","7,970","19,060","15,030","8,600","5,460","4,810",740,N/A,"62,880"
LAUA,1915,E07000242,East Hertfordshire,840,"5,840","15,060","15,250","10,560","7,180","5,290",770,N/A,"60,780"
LAUA,1920,E07000098,Hertsmere,600,"2,930","6,660","14,030","8,680","4,270","4,420","1,040",N/A,"42,620"
LAUA,1925,E07000099,North Hertfordshire,"3,330","8,790","19,670","9,870","7,050","4,450","3,230",340,N/A,"56,730"
LAUA,1930,E07000240,St Albans,900,"3,040","9,430","16,000","12,650","9,030","7,540","1,250",N/A,"59,840"
LAUA,1935,E07000243,Stevenage,"1,540","6,130","21,110","3,250","3,140",890,420,20,N/A,"36,490"
LAUA,1940,E07000102,Three Rivers,840,"2,010","6,330","9,870","7,410","4,250","5,060","1,500",N/A,"37,270"
LAUA,1945,E07000103,Watford,360,"4,010","14,160","12,460","3,640","2,150","1,880",80,N/A,"38,730"
LAUA,1950,E07000241,Welwyn Hatfield,890,"5,090","15,420","11,990","5,260","4,350","3,810",660,N/A,"47,490"
CTYMET,N/A,E10000020,Norfolk,"109,530","113,910","89,250","52,560","28,750","12,360","5,840",540,N/A,"412,750"
LAUA,2605,E07000143,Breckland,"15,390","16,790","13,440","7,420","4,160","1,530",730,60,N/A,"59,520"
LAUA,2610,E07000144,Broadland,"4,590","14,610","20,100","9,330","4,740","2,060",790,90,N/A,"56,300"
LAUA,2615,E07000145,Great Yarmouth,"20,270","12,120","8,370","3,990","1,830",570,250,20,N/A,"47,430"
LAUA,2635,E07000146,King's Lynn and West Norfolk,"24,050","17,200","13,300","9,300","4,730","2,380","1,030",110,N/A,"72,090"
LAUA,2620,E07000147,North Norfolk,"11,590","14,160","11,280","8,760","4,710","2,190","1,020",80,N/A,"53,780"
LAUA,2625,E07000148,Norwich,"27,100","22,590","8,180","3,510","2,200",890,610,70,N/A,"65,150"
LAUA,2630,E07000149,South Norfolk,"6,530","16,440","14,590","10,250","6,390","2,740","1,430",110,N/A,"58,480"
CTYMET,N/A,E10000029,Suffolk,"67,610","103,670","66,480","47,180","28,910","13,690","8,300",730,N/A,"336,580"
LAUA,3505,E07000200,Babergh,"4,720","11,710","8,070","7,160","4,180","2,250","1,620",190,N/A,"39,880"
LAUA,3510,E07000201,Forest Heath,"6,560","9,840","5,940","3,990","1,960",700,430,50,N/A,"29,470"
LAUA,3515,E07000202,Ipswich,"18,890","22,740","11,100","4,250","2,230",890,360,20,N/A,"60,480"
LAUA,3520,E07000203,Mid Suffolk,"5,310","11,780","9,480","6,920","5,220","2,820","1,590",110,N/A,"43,240"
LAUA,3525,E07000204,St Edmundsbury,"5,400","17,730","9,590","7,380","4,470","1,960","1,510",130,N/A,"48,170"
LAUA,3530,E07000205,Suffolk Coastal,"7,870","14,630","11,800","11,080","7,780","4,080","2,220",190,N/A,"59,640"
LAUA,3535,E07000206,Waveney,"18,880","15,250","10,500","6,390","3,070","1,000",580,40,N/A,"55,700"
REGL,N/A,E12000007,LONDON,"133,570","475,300","954,600","899,530","529,700","265,450","208,410","61,620",N/A,"3,528,180"
CTYMET,N/A,E13000001,Inner London,"70,700","260,480","398,320","325,340","193,920","111,960","105,680","43,520",N/A,"1,509,920"
LAUA,5210,E09000007,Camden,"3,670","11,940","20,150","25,520","17,870","11,270","12,220","4,540",N/A,"107,190"
LAUA,5030,E09000001,City of London,10,300,660,860,"2,690","1,120","1,050",160,N/A,"6,850"
LAUA,5360,E09000012,Hackney,"7,500","31,670","33,570","21,810","11,140","4,260","1,130",50,N/A,"111,120"
LAUA,5390,E09000013,Hammersmith and Fulham,"3,800","6,360","14,200","24,430","15,290","9,150","10,960","2,270",N/A,"86,460"
LAUA,5420,E09000014,Haringey,"7,680","18,640","33,500","26,090","10,740","5,370","4,620",690,N/A,"107,320"
LAUA,5570,E09000019,Islington,"4,420","6,140","29,480","32,060","17,610","8,770","6,730",910,N/A,"106,130"
LAUA,5600,E09000020,Kensington and Chelsea,"1,850","3,570","9,470","13,860","13,230","11,960","19,620","14,980",N/A,"88,530"
LAUA,5660,E09000022,Lambeth,"4,850","33,030","40,460","31,090","14,700","9,020","5,300",810,N/A,"139,250"
LAUA,5690,E09000023,Lewisham,"7,880","34,220","44,250","26,070","7,510","2,760","1,310",180,N/A,"124,160"
LAUA,5750,E09000025,Newham,"5,170","32,270","49,350","19,940","3,330",730,110,20,N/A,"110,930"
LAUA,5840,E09000028,Southwark,"11,690","37,950","34,190","23,180","16,210","6,380","4,190",630,N/A,"134,410"
LAUA,5900,E09000030,Tower Hamlets,"3,840","25,180","36,810","25,210","18,780","8,660","3,300",540,N/A,"122,330"
LAUA,5960,E09000032,Wandsworth,"6,600","12,390","36,300","32,590","22,210","15,200","12,890","2,670",N/A,"140,850"
LAUA,5990,E09000033,Westminster,"1,740","6,820","15,930","22,650","22,620","17,320","22,260","15,070",N/A,"124,400"
CTYMET,N/A,E13000002,Outer London,"62,880","214,820","556,280","574,180","335,780","153,500","102,730","18,100",N/A,"2,018,260"
LAUA,5060,E09000002,Barking and Dagenham,"6,710","11,440","44,770","9,330","1,700",330,40,20,N/A,"74,350"
LAUA,5090,E09000003,Barnet,"3,800","10,100","28,650","33,910","30,360","19,320","15,840","4,090",N/A,"146,080"
LAUA,5120,E09000004,Bexley,"4,340","10,510","29,270","27,220","19,290","4,830","1,690",50,N/A,"97,200"
LAUA,5150,E09000005,Brent,"4,480","12,860","35,070","33,560","21,900","6,270","3,350",250,N/A,"117,730"
LAUA,5180,E09000006,Bromley,"1,920","10,070","28,960","35,850","28,870","17,870","13,560","1,490",N/A,"138,570"
LAUA,5240,E09000008,Croydon,"3,500","22,020","47,690","38,290","21,830","11,480","7,420",640,N/A,"152,880"
LAUA,5270,E09000009,Ealing,"4,250","13,110","31,750","43,730","22,660","9,890","6,890",960,N/A,"133,240"
LAUA,5300,E09000010,Enfield,"5,240","11,570","33,600","36,360","20,910","9,080","5,870",890,N/A,"123,520"
LAUA,5330,E09000011,Greenwich,"10,410","21,200","40,970","22,240","10,770","3,220","2,080",340,N/A,"111,240"
LAUA,5450,E09000015,Harrow,650,"3,540","19,900","28,560","21,850","7,880","6,140","1,210",N/A,"89,730"
LAUA,5480,E09000016,Havering,"5,310","10,840","27,290","35,670","15,140","6,350","3,030",310,N/A,"103,940"
LAUA,5510,E09000017,Hillingdon,950,"5,720","23,770","45,500","18,350","9,750","5,000",440,N/A,"109,480"
LAUA,5540,E09000018,Hounslow,"2,130","8,740","26,240","37,690","15,060","5,750","3,870",900,N/A,"100,380"
LAUA,5630,E09000021,Kingston upon Thames,570,"3,050","14,870","20,000","14,550","8,230","4,070",960,N/A,"66,290"
LAUA,5720,E09000024,Merton,"1,060","8,250","22,580","27,560","13,060","5,350","3,980","1,670",N/A,"83,510"
LAUA,5780,E09000026,Redbridge,"1,940","12,780","26,080","31,770","19,300","7,380","3,170",200,N/A,"102,610"
LAUA,5810,E09000027,Richmond upon Thames,600,"2,130","13,030","20,310","19,630","11,840","12,600","3,390",N/A,"83,540"
LAUA,5870,E09000029,Sutton,810,"7,350","26,530","23,770","12,320","6,880","3,700",260,N/A,"81,620"
LAUA,5930,E09000031,Waltham Forest,"4,220","29,550","35,270","22,860","8,220","1,790",430,30,N/A,"102,360"
REGL,N/A,E12000008,SOUTH EAST,"339,230","636,700","987,270","768,430","503,390","304,540","244,250","36,230",N/A,"3,820,030"
LAUA,0335,E06000036,Bracknell Forest UA,"1,680","4,360","17,820","9,290","7,880","4,890","2,280",270,N/A,"48,460"
LAUA,1445,E06000043,Brighton and Hove UA,"27,680","28,760","34,200","19,430","10,990","4,580","2,720",190,N/A,"128,540"
LAUA,2100,E06000046,Isle of Wight UA,"10,210","18,030","17,160","13,140","7,040","3,120","1,490",140,N/A,"70,330"
LAUA,2280,E06000035,Medway UA,"11,140","37,980","33,400","17,240","8,740","3,720","1,350",70,N/A,"113,650"
LAUA,0435,E06000042,Milton Keynes UA,"16,550","31,120","27,940","13,550","10,890","5,500","2,770",150,N/A,"108,470"
LAUA,1775,E06000044,Portsmouth UA,"25,040","31,350","21,570","6,030","3,670","1,630",660,60,N/A,"90,020"
LAUA,0345,E06000038,Reading UA,"6,170","13,710","28,340","10,750","5,400","3,270","1,820",80,N/A,"69,540"
LAUA,0350,E06000039,Slough UA,"1,390","9,530","22,290","12,870","4,440","1,670",330,10,N/A,"52,520"
LAUA,1780,E06000045,Southampton UA,"33,940","34,220","22,670","9,320","3,070","1,390",440,30,N/A,"105,070"
LAUA,0340,E06000037,West Berkshire UA,"2,460","6,400","19,190","17,050","10,230","6,620","4,450",700,N/A,"67,100"
LAUA,0355,E06000040,Windsor and Maidenhead UA,"1,900","3,730","9,210","16,070","13,080","8,130","9,430","1,760",N/A,"63,300"
LAUA,0360,E06000041,Wokingham UA,"1,840","3,480","10,110","18,210","14,860","9,710","6,100",480,N/A,"64,780"
CTYMET,N/A,E10000002,Buckinghamshire,"6,130","23,220","49,350","42,930","33,670","26,760","29,200","5,430",N/A,"216,690"
LAUA,0405,E07000004,Aylesbury Vale,"3,290","12,580","22,400","13,770","11,150","7,890","6,150",410,N/A,"77,630"
LAUA,0415,E07000005,Chiltern,750,"2,070","5,570","6,690","6,630","6,610","9,010","1,920",N/A,"39,240"
LAUA,0410,E07000006,South Bucks,700,880,"3,580","5,740","5,020","3,460","7,050","2,070",N/A,"28,500"
LAUA,0425,E07000007,Wycombe,"1,400","7,680","17,810","16,740","10,870","8,810","6,990","1,030",N/A,"71,320"
CTYMET,N/A,E10000011,East Sussex,"35,890","45,880","57,980","46,760","30,520","16,990","12,880","1,510",N/A,"248,410"
LAUA,1410,E07000061,Eastbourne,"8,360","12,990","10,730","8,590","4,490","2,020","1,100",90,N/A,"48,370"
LAUA,1415,E07000062,Hastings,"14,590","12,130","7,510","5,610","2,220",800,190,40,N/A,"43,080"
LAUA,1425,E07000063,Lewes,"4,250","5,990","13,360","9,560","5,760","2,980","2,310",220,N/A,"44,410"
LAUA,1430,E07000064,Rother,"4,700","7,090","9,830","8,970","7,280","3,790","2,600",270,N/A,"44,520"
LAUA,1435,E07000065,Wealden,"3,980","7,690","16,560","14,040","10,780","7,400","6,690",890,N/A,"68,020"
CTYMET,N/A,E10000014,Hampshire,"41,410","100,600","160,590","114,620","82,860","48,190","28,970","3,270",N/A,"580,510"
LAUA,1705,E07000084,Basingstoke and Deane,"2,370","11,520","25,820","13,670","10,540","6,030","3,190",410,N/A,"73,550"
LAUA,1710,E07000085,East Hampshire,"2,900","5,610","12,180","10,500","8,600","6,100","4,650",640,N/A,"51,180"
LAUA,1715,E07000086,Eastleigh,"4,280","11,610","17,670","9,620","7,120","2,800","1,040",30,N/A,"54,160"
LAUA,1720,E07000087,Fareham,"3,430","6,940","15,290","10,390","7,890","3,450","1,440",110,N/A,"48,930"
LAUA,1725,E07000088,Gosport,"6,010","13,110","8,910","4,960","1,970","1,520",320,30,N/A,"36,820"
LAUA,1730,E07000089,Hart,700,"1,940","8,780","8,640","7,610","6,630","3,660",240,N/A,"38,200"
LAUA,1735,E07000090,Havant,"8,340","14,160","12,780","9,860","5,620","2,470",940,40,N/A,"54,200"
LAUA,1740,E07000091,New Forest,"6,900","11,890","17,780","19,190","13,300","6,800","4,470",590,N/A,"80,920"
LAUA,1750,E07000092,Rushmoor,"1,430","8,390","15,530","8,580","3,800","1,170",320,40,N/A,"39,250"
LAUA,1760,E07000093,Test Valley,"2,730","8,870","13,930","9,960","8,070","4,760","3,590",470,N/A,"52,380"
LAUA,1765,E07000094,Winchester,"2,330","6,570","11,930","9,260","8,350","6,470","5,360",680,N/A,"50,930"
CTYMET,N/A,E10000016,Kent,"66,550","123,900","180,940","127,630","73,590","42,850","33,490","3,390",N/A,"652,330"
LAUA,2205,E07000105,Ashford,"4,100","12,310","12,430","8,730","6,350","5,220","3,080",190,N/A,"52,400"
LAUA,2210,E07000106,Canterbury,"6,330","13,440","20,540","12,860","7,040","3,900","2,120",110,N/A,"66,340"
LAUA,2215,E07000107,Dartford,"1,630","6,740","14,460","11,030","5,640","2,520","1,010",60,N/A,"43,080"
LAUA,2220,E07000108,Dover,"6,980","16,270","13,510","6,870","4,170","2,270","1,400",70,N/A,"51,530"
LAUA,2230,E07000109,Gravesham,"3,640","6,840","14,570","9,810","4,530","2,010","1,030",100,N/A,"42,530"
LAUA,2235,E07000110,Maidstone,"4,170","8,590","18,580","17,870","9,290","5,260","3,890",350,N/A,"68,000"
LAUA,2245,E07000111,Sevenoaks,"1,690","3,160","10,890","11,650","7,340","5,820","7,550","1,350",N/A,"49,440"
LAUA,2250,E07000112,Shepway,"6,910","12,380","13,820","7,720","4,750","2,590","1,830",90,N/A,"50,100"
LAUA,2255,E07000113,Swale,"9,860","15,840","16,530","10,540","5,300","2,380","1,180",110,N/A,"61,750"
LAUA,2260,E07000114,Thanet,"16,150","19,340","17,340","7,660","3,900","1,470",730,30,N/A,"66,610"
LAUA,2265,E07000115,Tonbridge and Malling,"1,700","3,870","14,810","13,040","8,780","4,940","4,600",400,N/A,"52,130"
LAUA,2270,E07000116,Tunbridge Wells,"3,400","5,130","13,460","9,870","6,500","4,480","5,070",520,N/A,"48,430"
CTYMET,N/A,E10000025,Oxfordshire,"13,340","41,040","83,870","62,540","39,770","21,100","17,920","2,450",N/A,"282,020"
LAUA,3105,E07000177,Cherwell,"5,470","15,270","16,770","10,730","7,360","3,440","2,430",240,N/A,"61,700"
LAUA,3110,E07000178,Oxford,"2,450","9,430","18,950","15,870","6,920","2,810","3,240",580,N/A,"60,240"
LAUA,3115,E07000179,South Oxfordshire,"2,160","5,330","16,120","13,470","9,570","5,960","5,670",830,N/A,"59,110"
LAUA,3120,E07000180,Vale of White Horse,"1,660","5,620","16,050","12,100","8,990","5,080","4,030",440,N/A,"53,980"
LAUA,3125,E07000181,West Oxfordshire,"1,590","5,400","15,970","10,370","6,940","3,820","2,550",360,N/A,"47,000"
CTYMET,N/A,E10000030,Surrey,"9,080","26,300","86,380","131,220","91,750","61,920","66,380","13,520",N/A,"486,540"
LAUA,3605,E07000207,Elmbridge,380,"1,770","7,530","13,310","10,860","7,760","11,170","4,020",N/A,"56,810"
LAUA,3610,E07000208,Epsom and Ewell,160,"1,210","5,110","8,870","7,630","4,580","3,950",140,N/A,"31,660"
LAUA,3615,E07000209,Guildford,"1,070","3,390","11,750","15,870","9,910","6,440","7,330","1,710",N/A,"57,460"
LAUA,3620,E07000210,Mole Valley,"1,630","2,470","3,900","7,950","7,000","6,100","7,510","1,000",N/A,"37,560"
LAUA,3625,E07000211,Reigate and Banstead,"1,060","3,720","11,780","17,080","10,570","7,200","7,220","1,040",N/A,"59,660"
LAUA,3630,E07000212,Runnymede,"1,580","1,320","6,680","11,190","6,590","3,940","2,900","1,070",N/A,"35,280"
LAUA,3635,E07000213,Spelthorne,430,"1,620","8,720","14,450","9,960","4,550","2,080",110,N/A,"41,910"
LAUA,3640,E07000214,Surrey Heath,580,"2,080","5,810","9,590","6,610","5,660","4,970",490,N/A,"35,790"
LAUA,3645,E07000215,Tandridge,910,"2,150","4,960","8,630","7,350","4,760","6,070","1,190",N/A,"36,030"
LAUA,3650,E07000216,Waverley,960,"3,270","9,630","12,320","9,270","6,770","8,150","2,030",N/A,"52,390"
LAUA,3655,E07000217,Woking,320,"3,320","10,500","11,950","6,010","4,160","5,020",720,N/A,"41,990"
CTYMET,N/A,E10000032,West Sussex,"26,830","53,100","104,280","79,790","50,950","32,510","21,560","2,720",N/A,"371,740"
LAUA,3805,E07000223,Adur,"2,720","5,000","11,320","6,120","1,920",720,300,10,N/A,"28,110"
LAUA,3810,E07000224,Arun,"7,920","12,420","19,370","14,940","10,020","5,610","2,660",280,N/A,"73,210"
LAUA,3815,E07000225,Chichester,"3,250","5,860","14,120","11,630","8,510","5,850","5,700","1,250",N/A,"56,180"
LAUA,3820,E07000226,Crawley,"1,000","6,770","21,180","8,470","3,760","2,190",460,10,N/A,"43,840"
LAUA,3825,E07000227,Horsham,"2,230","5,720","12,330","13,010","10,580","7,800","7,270",780,N/A,"59,710"
LAUA,3830,E07000228,Mid Sussex,"2,040","6,290","13,170","16,470","10,820","8,010","4,280",370,N/A,"61,450"
LAUA,3835,E07000229,Worthing,"7,680","11,060","12,780","9,150","5,340","2,330",890,30,N/A,"49,250"
REGL,N/A,E12000009,SOUTH WEST,"439,740","608,530","574,020","393,630","261,760","132,770","75,440","7,690",N/A,"2,493,560"
LAUA,0114,E06000022,Bath and North East Somerset UA,"7,930","18,700","19,950","13,390","9,250","5,290","4,660",410,N/A,"79,580"
LAUA,1250,E06000028,Bournemouth UA,"17,750","18,670","23,840","16,080","7,910","3,440","1,500",130,N/A,"89,300"
LAUA,0116,E06000023,"Bristol, City of UA","50,390","72,380","38,340","17,720","9,510","4,720","2,830",330,N/A,"196,210"
LAUA,0840,E06000052,Cornwall UA,"62,220","68,050","56,350","41,450","24,070","8,600","4,040",370,N/A,"265,160"
LAUA,0835,E06000053,Isles of Scilly UA,20,40,90,260,340,300,150,10,N/A,"1,210"
LAUA,0121,E06000024,North Somerset UA,"13,030","20,530","22,180","16,840","12,280","6,250","3,250",280,N/A,"94,630"
LAUA,1160,E06000026,Plymouth UA,"47,020","32,010","22,370","9,430","4,810","1,690",600,60,N/A,"118,000"
LAUA,1255,E06000029,Poole UA,"4,900","12,010","22,700","12,250","8,070","3,940","3,150",970,N/A,"67,990"
LAUA,0119,E06000025,South Gloucestershire UA,"12,810","34,340","27,020","20,710","11,730","5,610","1,960",180,N/A,"114,360"
LAUA,3935,E06000030,Swindon UA,"14,320","26,810","23,620","16,310","8,220","3,180","1,290",70,N/A,"93,820"
LAUA,1165,E06000027,Torbay UA,"13,520","17,500","16,520","10,110","5,010","2,340","1,220",130,N/A,"66,350"
LAUA,3940,E06000054,Wiltshire UA,"25,170","41,070","53,100","36,770","27,800","16,640","10,570","1,300",N/A,"212,420"
CTYMET,N/A,E10000008,Devon,"58,820","83,470","78,480","63,440","43,400","22,330","12,750",920,N/A,"363,590"
LAUA,1105,E07000040,East Devon,"6,200","13,130","15,260","12,280","10,120","6,130","3,990",200,N/A,"67,300"
LAUA,1110,E07000041,Exeter,"11,510","14,720","13,530","8,610","3,950","1,810",890,50,N/A,"55,070"
LAUA,1135,E07000042,Mid Devon,"6,120","8,830","6,500","6,030","4,450","2,320",950,60,N/A,"35,250"
LAUA,1115,E07000043,North Devon,"9,970","10,960","9,490","7,570","4,210","1,810",600,50,N/A,"44,660"
LAUA,1125,E07000044,South Hams,"4,960","8,560","8,480","7,910","6,610","3,660","2,980",330,N/A,"43,480"
LAUA,1130,E07000045,Teignbridge,"8,540","13,940","13,350","11,390","7,600","3,790","1,960",120,N/A,"60,680"
LAUA,1145,E07000046,Torridge,"8,100","6,970","6,610","5,530","3,160","1,060",370,30,N/A,"31,830"
LAUA,1150,E07000047,West Devon,"3,430","6,370","5,260","4,110","3,310","1,760","1,010",80,N/A,"25,330"
CTYMET,N/A,E10000009,Dorset,"21,300","32,700","46,460","40,960","31,800","16,450","8,410",740,N/A,"198,820"
LAUA,1210,E07000048,Christchurch,"1,740","2,300","6,140","6,140","5,060","1,580",770,40,N/A,"23,760"
LAUA,1240,E07000049,East Dorset,"2,480","3,270","7,500","9,090","9,540","5,160","2,510",170,N/A,"39,710"
LAUA,1215,E07000050,North Dorset,"2,720","6,120","8,110","6,020","4,300","2,610","1,440",140,N/A,"31,460"
LAUA,1225,E07000051,Purbeck,"1,430","2,860","6,940","4,920","3,160","1,820","1,040",100,N/A,"22,260"
LAUA,1230,E07000052,West Dorset,"5,490","8,650","11,660","9,890","7,400","4,410","2,330",270,N/A,"50,110"
LAUA,1235,E07000053,Weymouth and Portland,"7,450","9,500","6,120","4,910","2,340",860,320,20,N/A,"31,520"
CTYMET,N/A,E10000013,Gloucestershire,"49,930","62,170","68,810","40,720","29,850","16,740","11,770","1,310",N/A,"281,280"
LAUA,1605,E07000078,Cheltenham,"9,530","13,060","13,710","8,830","4,900","2,550","1,990",100,N/A,"54,670"
LAUA,1610,E07000079,Cotswold,"3,480","5,040","10,510","7,020","6,050","4,500","4,330",690,N/A,"41,620"
LAUA,1615,E07000080,Forest of Dean,"6,790","9,760","8,460","5,610","4,080","1,950",970,70,N/A,"37,690"
LAUA,1620,E07000081,Gloucester,"16,580","15,860","13,370","5,720","3,580",830,170,10,N/A,"56,120"
LAUA,1625,E07000082,Stroud,"7,290","12,120","11,930","7,800","6,360","3,830","2,480",250,N/A,"52,060"
LAUA,1630,E07000083,Tewkesbury,"6,260","6,330","10,840","5,740","4,870","3,070","1,820",190,N/A,"39,130"
CTYMET,N/A,E10000027,Somerset,"40,610","68,100","54,190","37,190","27,710","15,250","7,300",500,N/A,"250,840"
LAUA,3305,E07000187,Mendip,"7,000","13,250","12,310","7,530","5,620","3,160","1,830",130,N/A,"50,820"
LAUA,3310,E07000188,Sedgemoor,"13,010","12,330","11,540","7,870","5,060","2,620","1,380",60,N/A,"53,880"
LAUA,3325,E07000189,South Somerset,"10,300","22,480","16,170","10,970","9,230","4,700","1,850",170,N/A,"75,860"
LAUA,3315,E07000190,Taunton Deane,"7,460","16,070","10,340","7,410","5,950","3,480","1,560",100,N/A,"52,380"
LAUA,3320,E07000191,West Somerset,"2,840","3,960","3,830","3,420","1,850","1,290",680,50,N/A,"17,920"
NATL,N/A,W92000004,WALES,"209,020","298,550","307,500","228,190","188,570","114,390","52,190","12,620","5,480","1,416,500"
LAUA,6805,W06000001,Isle of Anglesey / Ynys Môn,"4,850","6,800","6,720","7,260","5,430","2,580","1,040",170,50,"34,890"
LAUA,6810,W06000002,Gwynedd / Gwynedd,"9,210","15,710","12,410","10,600","8,190","3,970","1,270",190,80,"61,650"
LAUA,6905,W06000003,Conwy / Conwy,"5,330","8,190","15,210","11,760","8,910","4,920","1,900",430,170,"56,820"
LAUA,6830,W06000004,Denbighshire / Sir Ddinbych,"3,960","7,160","14,270","7,690","5,350","3,590","1,970",310,170,"44,460"
LAUA,6835,W06000005,Flintshire / Sir y Fflint,"4,170","9,230","20,040","12,620","10,420","7,150","3,120",580,230,"67,550"
LAUA,6955,W06000006,Wrexham / Wrecsam,"4,290","12,540","16,760","9,980","7,900","4,920","2,460",720,290,"59,870"
LAUA,N/A,W06000023,Powys / Powys,"5,740","9,170","12,800","10,170","12,150","9,370","4,070",590,210,"64,270"
LAUA,6820,W06000008,Ceredigion / Ceredigion,"2,040","4,890","7,450","7,420","8,870","3,690",950,110,20,"35,440"
LAUA,6845,W06000009,Pembrokeshire / Sir Benfro,"6,480","9,400","13,740","11,030","12,180","5,800","2,030",320,90,"61,080"
LAUA,N/A,W06000010,Carmarthenshire / Sir Gaerfyrddin,"9,110","24,160","17,880","13,820","12,720","6,190","2,070",290,70,"86,300"
LAUA,6855,W06000011,Swansea / Abertawe,"16,920","28,100","23,950","16,510","12,760","7,960","3,780","1,140",510,"111,640"
LAUA,6930,W06000012,Neath Port Talbot / Castell-nedd Port Talbot,"13,460","27,280","11,450","7,150","4,270","1,370",500,100,20,"65,620"
LAUA,6915,W06000013,Bridgend / Pen-y-bont ar Ogwr,"10,340","15,110","14,230","10,090","7,380","4,180","1,430",280,100,"63,150"
LAUA,6950,W06000014,Vale of Glamorgan / Bro Morgannwg,"1,380","6,090","13,310","10,900","9,750","6,840","5,320","2,170","1,010","56,750"
LAUA,6815,W06000015,Cardiff / Caerdydd,"4,050","17,890","31,540","34,830","29,260","20,870","9,830","2,670","1,400","152,320"
LAUA,6940,W06000016,Rhondda Cynon Taf / Rhondda Cynon Taf,"46,350","25,020","16,900","8,970","6,370","3,230","1,130",180,70,"108,210"
LAUA,6925,W06000024,Merthyr Tydfil / Merthyr Tudful,"14,050","6,630","2,170","2,090","1,390",550,140,-,10,"27,020"
LAUA,6920,W06000018,Caerphilly / Caerffili,"15,100","26,580","18,380","9,180","6,280","2,220",760,90,80,"78,660"
LAUA,6910,W06000019,Blaenau Gwent / Blaenau Gwent,"19,120","7,990","2,550","1,580",830,310,50,-,20,"32,460"
LAUA,6945,W06000020,Torfaen / Tor-faen,"6,020","12,890","11,710","4,010","3,530","2,100",650,60,30,"41,010"
LAUA,6840,W06000021,Monmouthshire / Sir Fynwy,520,"3,250","6,870","8,610","7,030","7,400","5,210","1,720",670,"41,280"
LAUA,6935,W06000022,Newport / Casnewydd,"6,510","14,490","17,150","11,930","7,610","5,170","2,510",520,180,"66,080"
