GEOGRAPHY,BA_CODE,ECODE,AREA_NAME,BAND_A,BAND_B,BAND_C,BAND_D,BAND_E,BAND_F,BAND_G,BAND_H,BAND_I,ALL_PROPERTIES
ENGWAL,N/A,K04000001,ENGLAND AND WALES,"6,006,370","4,927,690","5,439,300","3,852,510","2,417,450","1,292,820","877,420","149,660","5,450","24,968,660"
NATL,N/A,E92000001,ENGLAND,"5,798,020","4,630,120","5,133,270","3,626,080","2,230,770","1,179,450","825,620","137,120",N/A,"23,560,440"
REGL,N/A,E12000001,NORTH EAST,"658,400","184,670","176,670","97,020","49,120","21,380","12,350","1,410",N/A,"1,201,030"
LAUA,1355,E06000047,County Durham UA,"143,470","30,650","29,140","20,040","9,800","3,780","2,070",260,N/A,"239,210"
LAUA,1350,E06000005,Darlington UA,"22,570","9,990","7,010","5,090","2,890","1,160",530,50,N/A,"49,290"
LAUA,0724,E06000001,Hartlepool UA,"24,010","7,160","5,950","3,080","1,580",610,430,60,N/A,"42,870"
LAUA,0734,E06000002,Middlesbrough UA,"33,020","10,200","10,570","4,770","1,950",670,470,50,N/A,"61,700"
LAUA,2935,E06000057,Northumberland UA,"70,290","23,380","18,990","15,360","10,070","6,410","3,930",510,N/A,"148,930"
LAUA,0728,E06000003,Redcar and Cleveland UA,"26,620","12,990","13,700","5,340","3,070",870,390,30,N/A,"63,000"
LAUA,0738,E06000004,Stockton-on-Tees UA,"34,970","16,100","15,320","9,290","5,270","2,140","1,280",120,N/A,"84,470"
CTYMET,N/A,E11000007,Tyne and Wear (Met County),"303,460","74,210","76,000","34,060","14,490","5,740","3,260",330,N/A,"511,560"
LAUA,4505,E08000037,Gateshead,"56,370","12,480","14,790","5,510","2,200",810,370,50,N/A,"92,560"
LAUA,4510,E08000021,Newcastle upon Tyne,"72,460","19,330","18,060","8,540","4,260","2,130","1,630",130,N/A,"126,530"
LAUA,4515,E08000022,North Tyneside,"49,710","15,140","18,550","7,410","3,300","1,100",340,40,N/A,"95,590"
LAUA,4520,E08000023,South Tyneside,"45,930","9,620","8,010","4,240","1,710",680,320,50,N/A,"70,570"
LAUA,4525,E08000024,Sunderland,"78,990","17,640","16,600","8,370","3,020","1,030",610,60,N/A,"126,320"
REGL,N/A,E12000002,NORTH WEST,"1,332,380","641,880","560,460","323,860","187,100","91,260","60,280","6,650",N/A,"3,203,860"
LAUA,2372,E06000008,Blackburn with Darwen UA,"35,340","9,200","8,300","4,230","2,000",770,560,70,N/A,"60,480"
LAUA,2373,E06000009,Blackpool UA,"31,840","20,770","11,210","4,590","1,820",550,250,30,N/A,"71,060"
LAUA,0660,E06000049,Cheshire East UA,"29,710","35,020","33,130","24,670","19,100","13,100","11,870","1,780",N/A,"168,370"
LAUA,0665,E06000050,Cheshire West and Chester UA,"32,810","35,660","29,790","20,240","15,320","9,120","7,280",570,N/A,"150,790"
LAUA,0650,E06000006,Halton UA,"26,080","11,910","7,790","4,760","3,410","1,070",370,40,N/A,"55,430"
LAUA,0655,E06000007,Warrington UA,"26,460","19,970","19,040","11,510","6,880","4,400","2,590",200,N/A,"91,050"
CTYMET,N/A,E10000006,Cumbria,"92,350","46,810","40,570","30,360","18,690","8,430","4,230",400,N/A,"241,840"
LAUA,0905,E07000026,Allerdale,"22,040","7,450","7,020","5,170","2,850","1,050",470,30,N/A,"46,060"
LAUA,0910,E07000027,Barrow-in-Furness,"19,770","5,440","4,640","2,300",970,240,70,10,N/A,"33,440"
LAUA,0915,E07000028,Carlisle,"22,310","11,600","7,450","5,280","2,580","1,070",350,30,N/A,"50,670"
LAUA,0920,E07000029,Copeland,"19,240","4,550","4,060","3,070","1,810",440,90,20,N/A,"33,270"
LAUA,0925,E07000030,Eden,"4,230","6,980","5,280","4,620","3,220","1,030",390,50,N/A,"25,790"
LAUA,0930,E07000031,South Lakeland,"4,760","10,800","12,130","9,930","7,260","4,610","2,860",270,N/A,"52,610"
CTYMET,N/A,E11000001,Greater Manchester (Met County),"554,040","230,700","205,530","107,730","56,110","23,670","14,790","2,010",N/A,"1,194,570"
LAUA,4205,E08000001,Bolton,"63,790","21,320","18,180","10,340","5,360","2,200","1,790",230,N/A,"123,210"
LAUA,4210,E08000002,Bury,"29,930","18,070","17,020","8,850","5,280","1,780","1,260",180,N/A,"82,350"
LAUA,4215,E08000003,Manchester,"130,840","37,460","31,330","14,880","5,350","1,990",770,100,N/A,"222,730"
LAUA,4220,E08000004,Oldham,"50,220","16,770","15,770","6,620","3,230","1,490",860,70,N/A,"95,030"
LAUA,4225,E08000005,Rochdale,"51,060","15,100","11,630","7,650","4,150","1,610",860,50,N/A,"92,100"
LAUA,4230,E08000006,Salford,"59,610","23,910","15,640","7,720","3,340","1,390",830,100,N/A,"112,540"
LAUA,4235,E08000007,Stockport,"30,820","27,340","27,740","18,990","12,500","6,080","3,290",180,N/A,"126,940"
LAUA,4240,E08000008,Tameside,"52,190","18,530","18,700","6,450","3,520",890,380,40,N/A,"100,700"
LAUA,4245,E08000009,Trafford,"18,480","20,880","26,260","14,580","7,670","4,430","4,130",990,N/A,"97,410"
LAUA,4250,E08000010,Wigan,"67,110","31,330","23,270","11,660","5,730","1,820",610,50,N/A,"141,580"
CTYMET,N/A,E10000017,Lancashire,"199,010","103,390","98,170","64,070","37,790","18,100","10,290",840,N/A,"531,660"
LAUA,2315,E07000117,Burnley,"24,930","5,120","6,070","2,760","1,250",320,130,20,N/A,"40,600"
LAUA,2320,E07000118,Chorley,"14,660","10,950","9,200","6,460","4,530","1,940",840,70,N/A,"48,630"
LAUA,2325,E07000119,Fylde,"6,950","6,280","8,690","6,890","4,560","2,450","1,530",120,N/A,"37,470"
LAUA,2330,E07000120,Hyndburn,"21,710","5,460","5,490","2,640",860,280,170,10,N/A,"36,610"
LAUA,2335,E07000121,Lancaster,"22,110","15,860","11,990","6,180","3,780","1,890",830,70,N/A,"62,710"
LAUA,2340,E07000122,Pendle,"24,710","4,460","4,290","3,160","1,740",940,520,40,N/A,"39,860"
LAUA,2345,E07000123,Preston,"28,310","12,050","9,590","6,310","2,480","1,280",890,60,N/A,"60,960"
LAUA,2350,E07000124,Ribble Valley,"3,600","4,930","4,920","4,500","3,360","2,100","1,890",210,N/A,"25,530"
LAUA,2355,E07000125,Rossendale,"16,140","4,900","4,060","3,270","1,890",650,440,40,N/A,"31,390"
LAUA,2360,E07000126,South Ribble,"9,860","12,850","11,990","7,750","3,870","1,560",510,30,N/A,"48,420"
LAUA,2365,E07000127,West Lancashire,"14,340","8,760","9,670","6,890","4,710","2,410","1,540",90,N/A,"48,410"
LAUA,2370,E07000128,Wyre,"11,690","11,790","12,220","7,270","4,750","2,280","1,010",80,N/A,"51,070"
CTYMET,N/A,E11000002,Merseyside (Met County),"304,740","128,440","106,940","51,700","25,990","12,050","8,060",710,N/A,"638,610"
LAUA,4305,E08000011,Knowsley,"37,320","13,540","8,930","3,920","1,570",270,130,20,N/A,"65,690"
LAUA,4310,E08000012,Liverpool,"132,310","38,140","26,190","13,320","4,840","2,140","1,610",140,N/A,"218,690"
LAUA,4320,E08000014,Sefton,"39,120","27,130","30,020","14,880","8,220","3,850","2,700",250,N/A,"126,150"
LAUA,4315,E08000013,St. Helens,"36,830","17,800","14,670","6,410","3,280","1,560",550,40,N/A,"81,140"
LAUA,4325,E08000015,Wirral,"59,170","31,840","27,130","13,180","8,070","4,220","3,080",260,N/A,"146,940"
REGL,N/A,E12000003,YORKSHIRE AND THE HUMBER,"1,030,040","475,640","392,760","221,640","137,470","66,140","37,670","3,370",N/A,"2,364,740"
LAUA,2001,E06000011,East Riding of Yorkshire UA,"39,770","35,580","29,660","23,140","14,580","6,440","2,990",260,N/A,"152,420"
LAUA,2004,E06000010,"Kingston upon Hull, City of UA","80,840","21,980","9,890","3,920","1,200",300,60,40,N/A,"118,220"
LAUA,2002,E06000012,North East Lincolnshire UA,"38,830","17,320","8,620","4,820","1,970",690,440,50,N/A,"72,760"
LAUA,2003,E06000013,North Lincolnshire UA,"35,180","15,170","11,040","7,350","3,620","1,450",490,30,N/A,"74,330"
LAUA,2741,E06000014,York UA,"10,900","24,760","26,150","12,820","7,340","3,350","1,650",120,N/A,"87,080"
CTYMET,N/A,E10000023,North Yorkshire,"47,260","61,530","62,510","41,690","32,980","19,780","12,690","1,210",N/A,"279,650"
LAUA,2705,E07000163,Craven,"4,290","6,060","5,830","4,190","3,140","1,980","1,280",110,N/A,"26,860"
LAUA,2710,E07000164,Hambleton,"3,660","8,440","9,040","6,740","5,910","3,900","2,400",170,N/A,"40,250"
LAUA,2715,E07000165,Harrogate,"8,370","13,840","16,360","10,600","9,260","6,240","5,470",630,N/A,"70,770"
LAUA,2720,E07000166,Richmondshire,"3,680","4,820","5,310","3,410","3,140","1,640",820,100,N/A,"22,910"
LAUA,2725,E07000167,Ryedale,"2,350","6,160","5,700","4,200","3,330","2,000","1,150",110,N/A,"25,000"
LAUA,2730,E07000168,Scarborough,"16,190","14,410","12,520","6,990","3,930","1,660",670,50,N/A,"56,430"
LAUA,2735,E07000169,Selby,"8,720","7,800","7,750","5,560","4,270","2,360",910,60,N/A,"37,420"
CTYMET,N/A,E11000003,South Yorkshire (Met County),"347,180","101,710","72,690","41,100","21,000","9,010","4,810",410,N/A,"597,890"
LAUA,4405,E08000016,Barnsley,"64,130","17,420","12,700","8,280","3,540","1,370",610,40,N/A,"108,090"
LAUA,4410,E08000017,Doncaster,"79,290","23,740","14,380","8,690","4,220","1,860",830,120,N/A,"133,130"
LAUA,4415,E08000018,Rotherham,"62,770","22,120","14,960","8,610","4,390","1,660",660,60,N/A,"115,230"
LAUA,4420,E08000019,Sheffield,"140,990","38,440","30,650","15,530","8,850","4,120","2,710",180,N/A,"241,450"
CTYMET,N/A,E11000006,West Yorkshire (Met County),"430,090","197,590","172,200","86,800","54,790","25,130","14,540","1,270",N/A,"982,400"
LAUA,4705,E08000032,Bradford,"90,220","44,680","38,870","17,210","11,890","5,620","3,530",300,N/A,"212,300"
LAUA,4710,E08000033,Calderdale,"44,260","17,980","15,180","7,180","5,250","2,780","1,280",50,N/A,"93,940"
LAUA,4715,E08000034,Kirklees,"83,010","34,100","31,130","16,290","11,020","4,930","2,040",150,N/A,"182,670"
LAUA,4720,E08000035,Leeds,"134,640","73,230","66,010","32,820","20,070","9,590","6,660",690,N/A,"343,710"
LAUA,4725,E08000036,Wakefield,"77,970","27,610","21,010","13,300","6,550","2,210","1,030",80,N/A,"149,780"
REGL,N/A,E12000004,EAST MIDLANDS,"756,200","456,580","364,150","217,220","128,700","62,500","35,000","3,100",N/A,"2,023,450"
LAUA,1055,E06000015,Derby UA,"55,870","20,710","16,170","8,240","4,260","2,220",630,50,N/A,"108,130"
LAUA,2465,E06000016,Leicester UA,"79,200","25,740","15,450","6,690","3,170","1,450",600,60,N/A,"132,370"
LAUA,3060,E06000018,Nottingham UA,"85,480","22,190","15,720","6,580","2,360","1,000",690,110,N/A,"134,140"
LAUA,2470,E06000017,Rutland UA,"1,590","4,410","2,950","2,390","2,230","1,570","1,250",150,N/A,"16,530"
CTYMET,N/A,E10000007,Derbyshire,"133,110","79,150","58,440","38,430","22,910","11,520","6,810",530,N/A,"350,900"
LAUA,1005,E07000032,Amber Valley,"21,890","11,700","10,120","6,000","2,940","1,560","1,350",120,N/A,"55,690"
LAUA,1010,E07000033,Bolsover,"21,630","5,640","3,990","2,270","1,040",310,120,20,N/A,"35,020"
LAUA,1015,E07000034,Chesterfield,"26,580","10,080","6,150","3,670","1,760",520,220,20,N/A,"48,980"
LAUA,1045,E07000035,Derbyshire Dales,"3,480","7,190","7,310","5,510","4,770","2,920","2,070",130,N/A,"33,390"
LAUA,1025,E07000036,Erewash,"21,160","13,510","7,700","5,010","2,210",830,490,40,N/A,"50,950"
LAUA,1030,E07000037,High Peak,"8,440","12,750","8,660","4,700","3,620","2,070",820,50,N/A,"41,100"
LAUA,1035,E07000038,North East Derbyshire,"18,610","8,750","7,360","4,720","2,860","1,420",830,70,N/A,"44,620"
LAUA,1040,E07000039,South Derbyshire,"11,320","9,540","7,140","6,540","3,710","1,890",920,90,N/A,"41,150"
CTYMET,N/A,E10000018,Leicestershire,"46,810","83,810","63,170","41,470","27,510","12,890","7,980",750,N/A,"284,400"
LAUA,2405,E07000129,Blaby,"4,630","14,400","9,340","6,300","3,840","1,300",500,40,N/A,"40,350"
LAUA,2410,E07000130,Charnwood,"12,200","20,110","17,780","10,020","6,210","2,980","1,860",210,N/A,"71,370"
LAUA,2415,E07000131,Harborough,"4,360","8,030","7,480","5,920","5,690","3,250","2,410",230,N/A,"37,350"
LAUA,2420,E07000132,Hinckley and Bosworth,"8,270","15,170","10,650","7,060","3,940","2,020",970,60,N/A,"48,140"
LAUA,2430,E07000133,Melton,"3,540","7,020","3,740","3,450","2,320","1,380",930,90,N/A,"22,460"
LAUA,2435,E07000134,North West Leicestershire,"9,900","13,100","7,130","5,720","3,670","1,410",860,50,N/A,"41,850"
LAUA,2440,E07000135,Oadby and Wigston,"3,910","6,000","7,050","3,010","1,840",550,450,80,N/A,"22,890"
CTYMET,N/A,E10000019,Lincolnshire,"129,910","70,890","66,870","35,480","18,770","7,650","2,790",340,N/A,"332,690"
LAUA,2505,E07000136,Boston,"14,100","5,790","5,860","1,980",790,210,80,10,N/A,"28,830"
LAUA,2510,E07000137,East Lindsey,"26,640","13,860","15,580","6,210","3,180","1,100",520,50,N/A,"67,150"
LAUA,2515,E07000138,Lincoln,"26,720","8,680","4,800","2,490","1,200",380,120,50,N/A,"44,430"
LAUA,2520,E07000139,North Kesteven,"13,100","12,170","12,490","6,270","3,100","1,440",410,60,N/A,"49,030"
LAUA,2525,E07000140,South Holland,"15,030","8,460","9,700","4,040","1,760",360,100,10,N/A,"39,450"
LAUA,2530,E07000141,South Kesteven,"18,660","14,090","10,940","8,880","5,420","2,770","1,050",90,N/A,"61,890"
LAUA,2535,E07000142,West Lindsey,"15,670","7,840","7,490","5,620","3,330","1,390",510,60,N/A,"41,910"
CTYMET,N/A,E10000021,Northamptonshire,"82,660","76,310","64,530","37,510","25,140","13,470","8,300",650,N/A,"308,560"
LAUA,2805,E07000150,Corby,"13,730","6,170","3,640","2,650","1,310",260,150,20,N/A,"27,930"
LAUA,2810,E07000151,Daventry,"3,690","8,300","7,460","5,140","4,150","2,610","2,160",140,N/A,"33,650"
LAUA,2815,E07000152,East Northamptonshire,"9,230","10,550","6,250","4,970","3,650","2,340","1,390",140,N/A,"38,520"
LAUA,2820,E07000153,Kettering,"13,200","11,830","8,100","4,750","2,980","1,310",660,50,N/A,"42,880"
LAUA,2825,E07000154,Northampton,"30,410","21,250","22,960","10,540","5,480","2,410","1,250",80,N/A,"94,390"
LAUA,2830,E07000155,South Northamptonshire,"2,000","8,420","9,370","5,880","5,480","3,760","2,230",180,N/A,"37,310"
LAUA,2835,E07000156,Wellingborough,"10,390","9,800","6,750","3,570","2,090",780,460,40,N/A,"33,880"
CTYMET,N/A,E10000024,Nottinghamshire,"141,580","73,370","60,860","40,440","22,340","10,730","5,960",460,N/A,"355,740"
LAUA,3005,E07000170,Ashfield,"29,320","10,920","8,470","3,720","1,260",440,130,20,N/A,"54,280"
LAUA,3010,E07000171,Bassetlaw,"26,370","7,570","6,120","5,910","3,000","1,410",670,50,N/A,"51,100"
LAUA,3015,E07000172,Broxtowe,"16,170","12,910","10,790","5,910","2,620",740,450,30,N/A,"49,600"
LAUA,3020,E07000173,Gedling,"14,380","14,870","10,020","6,570","3,750","1,360",830,90,N/A,"51,860"
LAUA,3025,E07000174,Mansfield,"26,740","9,420","6,500","3,650","1,400",380,180,20,N/A,"48,270"
LAUA,3030,E07000175,Newark and Sherwood,"22,480","7,760","8,430","5,640","3,980","2,530","1,380",130,N/A,"52,320"
LAUA,3040,E07000176,Rushcliffe,"6,120","9,940","10,530","9,040","6,350","3,880","2,320",130,N/A,"48,300"
REGL,N/A,E12000005,WEST MIDLANDS,"748,420","612,210","470,550","269,510","169,240","91,820","55,630","5,570",N/A,"2,422,950"
LAUA,1850,E06000019,"Herefordshire, County of UA","12,880","19,420","16,340","13,020","11,340","6,630","3,520",190,N/A,"83,330"
LAUA,3245,E06000051,Shropshire UA,"25,990","35,490","28,490","19,750","14,870","7,960","4,400",340,N/A,"137,290"
LAUA,3455,E06000021,Stoke-on-Trent UA,"68,840","23,630","14,770","4,630","1,690",440,110,40,N/A,"114,150"
LAUA,3240,E06000020,Telford and Wrekin UA,"26,240","19,110","11,010","8,020","4,520","2,070","1,020",50,N/A,"72,020"
CTYMET,N/A,E10000028,Staffordshire,"98,740","90,380","77,150","46,950","29,900","16,730","9,480",900,N/A,"370,220"
LAUA,3405,E07000192,Cannock Chase,"13,800","13,450","7,680","4,710","1,690",570,270,20,N/A,"42,200"
LAUA,3410,E07000193,East Staffordshire,"17,660","10,890","8,180","5,660","4,030","2,130","1,100",90,N/A,"49,730"
LAUA,3415,E07000194,Lichfield,"5,750","10,220","10,460","6,490","4,630","3,420","2,480",400,N/A,"43,840"
LAUA,3420,E07000195,Newcastle-under-Lyme,"23,850","10,290","11,120","4,660","2,700","1,710",910,50,N/A,"55,280"
LAUA,3430,E07000196,South Staffordshire,"6,800","10,420","11,020","7,070","5,140","3,320","2,350",210,N/A,"46,320"
LAUA,3425,E07000197,Stafford,"11,980","13,050","12,790","8,760","5,800","3,260","1,550",100,N/A,"57,290"
LAUA,3435,E07000198,Staffordshire Moorlands,"9,520","10,370","10,540","6,100","4,230","1,910",760,30,N/A,"43,470"
LAUA,3445,E07000199,Tamworth,"9,380","11,680","5,360","3,500","1,690",410,60,10,N/A,"32,090"
CTYMET,N/A,E10000031,Warwickshire,"43,200","49,930","61,180","38,100","24,550","14,520","11,070","1,470",N/A,"244,020"
LAUA,3705,E07000218,North Warwickshire,"6,520","7,010","5,910","3,750","2,180","1,200",680,70,N/A,"27,340"
LAUA,3710,E07000219,Nuneaton and Bedworth,"20,240","12,710","12,410","6,830","2,270",590,150,20,N/A,"55,210"
LAUA,3715,E07000220,Rugby,"8,400","11,130","10,750","5,920","4,300","2,690","1,520",100,N/A,"44,810"
LAUA,3720,E07000221,Stratford-on-Avon,"3,340","7,650","15,630","9,290","8,780","5,190","4,800",870,N/A,"55,550"
LAUA,3725,E07000222,Warwick,"4,700","11,430","16,490","12,310","7,020","4,840","3,920",420,N/A,"61,120"
CTYMET,N/A,E11000005,West Midlands (Met County),"432,000","311,110","203,870","102,580","54,410","26,550","15,100","1,730",N/A,"1,147,360"
LAUA,4605,E08000025,Birmingham,"155,860","127,280","75,810","37,940","20,510","8,560","5,730",860,N/A,"432,550"
LAUA,4610,E08000026,Coventry,"56,640","41,170","22,810","9,030","4,490","2,330","1,390",170,N/A,"138,020"
LAUA,4615,E08000027,Dudley,"42,230","38,240","29,670","15,780","6,580","2,400",960,140,N/A,"136,000"
LAUA,4620,E08000028,Sandwell,"56,960","42,930","19,980","6,970","2,810",520,60,40,N/A,"130,270"
LAUA,4625,E08000029,Solihull,"13,920","11,790","21,850","16,360","11,530","8,700","5,280",360,N/A,"89,770"
LAUA,4630,E08000030,Walsall,"50,560","26,160","17,660","10,040","5,580","2,370",770,50,N/A,"113,180"
LAUA,4635,E08000031,Wolverhampton,"55,840","23,540","16,090","6,470","2,910","1,680",920,120,N/A,"107,560"
CTYMET,N/A,E10000034,Worcestershire,"40,530","63,140","57,760","36,470","27,970","16,920","10,930",850,N/A,"254,560"
LAUA,1805,E07000234,Bromsgrove,"3,570","7,160","8,640","7,640","6,730","3,430","2,660",340,N/A,"40,170"
LAUA,1860,E07000235,Malvern Hills,"3,830","7,170","7,420","5,440","4,760","3,470","2,230",130,N/A,"34,450"
LAUA,1825,E07000236,Redditch,"7,620","11,860","7,320","4,280","3,130","1,160",450,20,N/A,"35,820"
LAUA,1835,E07000237,Worcester,"8,210","14,670","11,180","5,320","3,260","1,390",400,10,N/A,"44,430"
LAUA,1840,E07000238,Wychavon,"6,180","10,980","12,070","7,670","6,790","5,760","4,010",220,N/A,"53,660"
LAUA,1845,E07000239,Wyre Forest,"11,110","11,310","11,130","6,130","3,310","1,710","1,190",140,N/A,"46,030"
REGL,N/A,E12000006,EAST,"372,820","552,830","678,610","455,560","277,270","150,690","101,110","13,020",N/A,"2,601,920"
LAUA,0235,E06000055,Bedford UA,"9,490","17,320","17,440","10,510","7,640","4,860","2,870",230,N/A,"70,360"
LAUA,0240,E06000056,Central Bedfordshire UA,"9,590","22,800","32,030","21,440","14,700","7,890","4,620",350,N/A,"113,420"
LAUA,0230,E06000032,Luton UA,"17,630","26,420","22,320","7,690","3,410","1,050",260,30,N/A,"78,810"
LAUA,0540,E06000031,Peterborough UA,"34,020","19,560","13,080","7,440","4,280","1,830",920,70,N/A,"81,190"
LAUA,1590,E06000033,Southend-on-Sea UA,"16,540","15,330","23,290","12,560","6,600","3,610","1,560",120,N/A,"79,610"
LAUA,1595,E06000034,Thurrock UA,"7,350","13,120","26,290","11,370","4,420","2,080",780,40,N/A,"65,450"
CTYMET,N/A,E10000003,Cambridgeshire,"38,140","59,370","71,990","44,010","31,360","16,830","9,590","1,100",N/A,"272,400"
LAUA,0505,E07000008,Cambridge,"3,370","9,820","18,530","9,290","5,310","3,390","2,910",450,N/A,"53,060"
LAUA,0510,E07000009,East Cambridgeshire,"4,500","10,890","7,500","6,700","4,390","1,970",670,80,N/A,"36,700"
LAUA,0515,E07000010,Fenland,"16,490","11,750","8,430","4,320","2,040",520,160,20,N/A,"43,730"
LAUA,0520,E07000011,Huntingdonshire,"11,430","19,680","17,550","11,630","8,780","3,640","1,710",160,N/A,"74,590"
LAUA,0530,E07000012,South Cambridgeshire,"2,350","7,240","19,980","12,070","10,840","7,310","4,140",380,N/A,"64,320"
CTYMET,N/A,E10000012,Essex,"53,310","113,470","182,480","120,790","74,120","42,350","28,230","3,420",N/A,"618,160"
LAUA,1505,E07000066,Basildon,"8,790","15,650","23,790","14,240","7,290","4,520","1,940",160,N/A,"76,370"
LAUA,1510,E07000067,Braintree,"5,830","16,380","18,490","9,100","6,910","4,030","2,190",210,N/A,"63,120"
LAUA,1515,E07000068,Brentwood,620,"2,850","6,490","8,310","5,790","4,390","3,780",560,N/A,"32,790"
LAUA,1520,E07000069,Castle Point,"2,730","6,300","13,690","8,470","4,310","1,760",620,60,N/A,"37,950"
LAUA,1525,E07000070,Chelmsford,"4,460","9,890","22,150","16,270","10,050","5,430","3,700",360,N/A,"72,310"
LAUA,1530,E07000071,Colchester,"9,100","21,320","19,800","13,880","8,070","3,760","2,300",160,N/A,"78,380"
LAUA,1535,E07000072,Epping Forest,"1,780","4,950","11,430","13,830","9,540","6,730","5,840","1,150",N/A,"55,250"
LAUA,1540,E07000073,Harlow,"2,280","7,650","18,730","4,220","2,190",880,390,20,N/A,"36,350"
LAUA,1545,E07000074,Maldon,"2,290","3,630","7,740","5,070","4,300","2,620","1,400",170,N/A,"27,220"
LAUA,1550,E07000075,Rochford,"1,370","3,630","11,540","10,290","4,800","2,270","1,200",80,N/A,"35,170"
LAUA,1560,E07000076,Tendring,"12,870","17,430","20,690","10,400","4,740","1,640",790,80,N/A,"68,630"
LAUA,1570,E07000077,Uttlesford,"1,180","3,780","7,950","6,730","6,130","4,310","4,100",420,N/A,"34,610"
CTYMET,N/A,E10000015,Hertfordshire,"10,720","49,140","135,070","120,850","73,940","44,460","38,250","6,410",N/A,"478,840"
LAUA,1905,E07000095,Broxbourne,520,"3,620","9,180","14,070","7,460","2,780","2,100",160,N/A,"39,890"
LAUA,1910,E07000096,Dacorum,"1,200","7,920","18,820","14,860","8,490","5,410","4,760",730,N/A,"62,190"
LAUA,1915,E07000242,East Hertfordshire,850,"5,820","14,920","14,960","10,450","7,080","5,220",760,N/A,"60,070"
LAUA,1920,E07000098,Hertsmere,580,"2,910","6,590","13,900","8,650","4,240","4,410","1,000",N/A,"42,270"
LAUA,1925,E07000099,North Hertfordshire,"3,300","8,710","19,570","9,830","6,970","4,420","3,200",330,N/A,"56,330"
LAUA,1930,E07000240,St Albans,870,"3,010","9,290","15,970","12,600","9,000","7,490","1,220",N/A,"59,450"
LAUA,1935,E07000243,Stevenage,"1,520","6,110","21,040","3,220","3,080",890,420,10,N/A,"36,290"
LAUA,1940,E07000102,Three Rivers,850,"2,020","6,300","9,800","7,370","4,170","5,020","1,480",N/A,"37,000"
LAUA,1945,E07000103,Watford,280,"3,970","14,080","12,440","3,630","2,140","1,870",80,N/A,"38,480"
LAUA,1950,E07000241,Welwyn Hatfield,740,"5,060","15,280","11,800","5,240","4,340","3,780",640,N/A,"46,880"
CTYMET,N/A,E10000020,Norfolk,"108,820","113,340","88,630","51,980","28,220","12,200","5,800",530,N/A,"409,520"
LAUA,2605,E07000143,Breckland,"15,310","16,650","13,300","7,280","4,070","1,510",710,60,N/A,"58,890"
LAUA,2610,E07000144,Broadland,"4,550","14,530","19,970","9,230","4,670","2,020",780,100,N/A,"55,850"
LAUA,2615,E07000145,Great Yarmouth,"20,110","12,070","8,320","3,960","1,800",570,250,20,N/A,"47,090"
LAUA,2635,E07000146,King's Lynn and West Norfolk,"23,900","17,130","13,240","9,210","4,670","2,380","1,020",110,N/A,"71,650"
LAUA,2620,E07000147,North Norfolk,"11,490","14,090","11,220","8,680","4,640","2,160","1,000",80,N/A,"53,380"
LAUA,2625,E07000148,Norwich,"27,020","22,550","8,140","3,470","2,150",880,620,70,N/A,"64,890"
LAUA,2630,E07000149,South Norfolk,"6,440","16,320","14,430","10,140","6,230","2,680","1,420",110,N/A,"57,770"
CTYMET,N/A,E10000029,Suffolk,"67,210","102,970","66,000","46,920","28,590","13,540","8,240",730,N/A,"334,180"
LAUA,3505,E07000200,Babergh,"4,680","11,700","8,050","7,150","4,150","2,210","1,610",190,N/A,"39,730"
LAUA,3510,E07000201,Forest Heath,"6,540","9,790","5,910","3,970","1,920",690,430,50,N/A,"29,300"
LAUA,3515,E07000202,Ipswich,"18,690","22,420","11,070","4,250","2,220",880,350,20,N/A,"59,890"
LAUA,3520,E07000203,Mid Suffolk,"5,300","11,680","9,410","6,890","5,180","2,790","1,580",110,N/A,"42,940"
LAUA,3525,E07000204,St Edmundsbury,"5,320","17,620","9,450","7,320","4,400","1,940","1,500",130,N/A,"47,690"
LAUA,3530,E07000205,Suffolk Coastal,"7,830","14,530","11,640","10,970","7,720","4,030","2,180",190,N/A,"59,090"
LAUA,3535,E07000206,Waveney,"18,850","15,230","10,470","6,370","3,010",990,570,40,N/A,"55,530"
REGL,N/A,E12000007,LONDON,"129,280","471,280","943,610","889,870","523,910","262,410","206,710","60,720",N/A,"3,487,800"
CTYMET,N/A,E13000001,Inner London,"68,930","258,900","394,790","320,980","190,300","109,870","104,590","42,870",N/A,"1,491,230"
LAUA,5210,E09000007,Camden,"3,640","11,950","20,110","25,380","17,710","11,040","12,090","4,450",N/A,"106,380"
LAUA,5030,E09000001,City of London,10,310,670,880,"2,650","1,100","1,030",160,N/A,"6,790"
LAUA,5360,E09000012,Hackney,"6,730","31,520","33,200","21,210","10,800","4,100","1,110",50,N/A,"108,720"
LAUA,5390,E09000013,Hammersmith and Fulham,"3,800","5,740","14,240","24,310","15,060","9,020","10,760","2,160",N/A,"85,090"
LAUA,5420,E09000014,Haringey,"7,540","18,420","33,130","26,000","10,730","5,380","4,620",680,N/A,"106,510"
LAUA,5570,E09000019,Islington,"4,360","6,100","29,380","31,870","17,420","8,650","6,690",900,N/A,"105,360"
LAUA,5600,E09000020,Kensington and Chelsea,"1,890","3,550","9,470","13,770","13,180","11,890","19,570","14,830",N/A,"88,150"
LAUA,5660,E09000022,Lambeth,"4,800","32,990","40,060","30,510","14,420","8,940","5,330",810,N/A,"137,860"
LAUA,5690,E09000023,Lewisham,"7,620","33,780","43,300","25,790","7,400","2,760","1,300",180,N/A,"122,130"
LAUA,5750,E09000025,Newham,"5,120","32,100","48,840","19,510","3,280",720,110,20,N/A,"109,690"
LAUA,5840,E09000028,Southwark,"11,680","37,910","34,050","22,590","15,500","6,190","4,100",610,N/A,"132,630"
LAUA,5900,E09000030,Tower Hamlets,"3,430","25,340","36,300","24,240","18,100","8,310","3,210",510,N/A,"119,440"
LAUA,5960,E09000032,Wandsworth,"6,590","12,370","36,130","32,290","21,570","14,660","12,590","2,630",N/A,"138,820"
LAUA,5990,E09000033,Westminster,"1,730","6,810","15,900","22,640","22,490","17,120","22,070","14,900",N/A,"123,650"
CTYMET,N/A,E13000002,Outer London,"60,350","212,380","548,820","568,890","333,620","152,540","102,120","17,860",N/A,"1,996,570"
LAUA,5060,E09000002,Barking and Dagenham,"6,740","11,260","44,120","9,170","1,690",330,40,20,N/A,"73,360"
LAUA,5090,E09000003,Barnet,"3,490","9,960","28,230","33,450","30,140","19,220","15,740","4,060",N/A,"144,290"
LAUA,5120,E09000004,Bexley,"4,240","10,420","28,960","27,050","19,260","4,770","1,680",50,N/A,"96,430"
LAUA,5150,E09000005,Brent,"3,970","12,580","34,470","32,470","21,670","6,230","3,340",250,N/A,"114,960"
LAUA,5180,E09000006,Bromley,"1,870","9,970","28,700","35,690","28,780","17,810","13,460","1,440",N/A,"137,710"
LAUA,5240,E09000008,Croydon,"2,930","21,700","46,970","37,950","21,640","11,450","7,400",630,N/A,"150,660"
LAUA,5270,E09000009,Ealing,"4,140","13,160","31,540","43,490","22,370","9,790","6,800",960,N/A,"132,240"
LAUA,5300,E09000010,Enfield,"5,220","11,480","33,500","36,250","20,820","9,030","5,840",890,N/A,"123,030"
LAUA,5330,E09000011,Greenwich,"10,230","20,920","40,010","21,400","10,640","3,210","2,050",340,N/A,"108,780"
LAUA,5450,E09000015,Harrow,590,"3,450","19,330","28,110","21,740","7,830","6,100","1,180",N/A,"88,320"
LAUA,5480,E09000016,Havering,"5,160","10,700","26,690","35,410","15,040","6,320","3,030",310,N/A,"102,650"
LAUA,5510,E09000017,Hillingdon,900,"5,720","23,410","45,160","18,250","9,680","4,970",430,N/A,"108,510"
LAUA,5540,E09000018,Hounslow,"2,040","8,670","25,850","37,420","14,760","5,670","3,830",880,N/A,"99,120"
LAUA,5630,E09000021,Kingston upon Thames,560,"3,000","14,740","20,020","14,510","8,170","4,040",940,N/A,"65,970"
LAUA,5720,E09000024,Merton,"1,030","8,140","22,200","27,510","13,040","5,280","3,960","1,660",N/A,"82,820"
LAUA,5780,E09000026,Redbridge,"1,870","12,620","25,970","31,800","19,250","7,350","3,160",200,N/A,"102,220"
LAUA,5810,E09000027,Richmond upon Thames,590,"2,120","12,890","20,200","19,620","11,770","12,550","3,360",N/A,"83,080"
LAUA,5870,E09000029,Sutton,810,"7,260","26,510","23,700","12,260","6,870","3,690",260,N/A,"81,350"
LAUA,5930,E09000031,Waltham Forest,"4,010","29,250","34,770","22,670","8,150","1,790",420,30,N/A,"101,090"
REGL,N/A,E12000008,SOUTH EAST,"335,170","630,920","978,150","761,620","499,070","302,010","241,970","35,660",N/A,"3,784,560"
LAUA,0335,E06000036,Bracknell Forest UA,"1,710","4,330","17,670","9,210","7,850","4,830","2,250",260,N/A,"48,110"
LAUA,1445,E06000043,Brighton and Hove UA,"27,420","28,600","34,070","19,390","10,930","4,550","2,690",190,N/A,"127,850"
LAUA,2100,E06000046,Isle of Wight UA,"9,970","17,970","17,000","13,070","7,020","3,090","1,490",140,N/A,"69,760"
LAUA,2280,E06000035,Medway UA,"11,170","37,870","33,240","17,070","8,630","3,650","1,340",70,N/A,"113,040"
LAUA,0435,E06000042,Milton Keynes UA,"16,390","30,760","27,750","13,310","10,710","5,400","2,740",150,N/A,"107,200"
LAUA,1775,E06000044,Portsmouth UA,"24,920","31,210","21,410","6,000","3,620","1,630",660,70,N/A,"89,510"
LAUA,0345,E06000038,Reading UA,"5,830","13,600","28,140","10,570","5,370","3,260","1,820",80,N/A,"68,670"
LAUA,0350,E06000039,Slough UA,"1,340","9,370","21,950","12,730","4,350","1,640",330,10,N/A,"51,720"
LAUA,1780,E06000045,Southampton UA,"33,300","33,870","22,320","9,230","2,990","1,380",440,30,N/A,"103,560"
LAUA,0340,E06000037,West Berkshire UA,"2,430","6,340","18,920","16,950","10,180","6,570","4,370",690,N/A,"66,440"
LAUA,0355,E06000040,Windsor and Maidenhead UA,"1,890","3,610","9,140","15,940","12,950","8,030","9,330","1,700",N/A,"62,580"
LAUA,0360,E06000041,Wokingham UA,"1,780","3,460","10,050","18,050","14,690","9,590","6,040",480,N/A,"64,140"
CTYMET,N/A,E10000002,Buckinghamshire,"6,010","23,010","48,860","42,530","33,380","26,560","28,940","5,350",N/A,"214,630"
LAUA,0405,E07000004,Aylesbury Vale,"3,250","12,480","22,070","13,440","10,920","7,730","6,030",410,N/A,"76,330"
LAUA,0415,E07000005,Chiltern,710,"2,030","5,490","6,680","6,600","6,590","8,960","1,880",N/A,"38,930"
LAUA,0410,E07000006,South Bucks,680,870,"3,560","5,730","5,020","3,450","7,020","2,040",N/A,"28,360"
LAUA,0425,E07000007,Wycombe,"1,370","7,630","17,740","16,690","10,830","8,790","6,930","1,020",N/A,"71,000"
CTYMET,N/A,E10000011,East Sussex,"35,630","45,390","57,660","46,550","30,420","16,910","12,790","1,500",N/A,"246,840"
LAUA,1410,E07000061,Eastbourne,"8,280","12,920","10,710","8,610","4,480","2,020","1,100",90,N/A,"48,200"
LAUA,1415,E07000062,Hastings,"14,510","12,020","7,420","5,590","2,210",800,190,40,N/A,"42,780"
LAUA,1425,E07000063,Lewes,"4,180","5,960","13,270","9,550","5,750","2,960","2,290",230,N/A,"44,180"
LAUA,1430,E07000064,Rother,"4,670","6,990","9,780","8,960","7,260","3,760","2,570",270,N/A,"44,260"
LAUA,1435,E07000065,Wealden,"3,990","7,500","16,480","13,840","10,720","7,370","6,650",880,N/A,"67,420"
CTYMET,N/A,E10000014,Hampshire,"40,980","99,690","159,220","113,650","82,290","47,790","28,680","3,240",N/A,"575,540"
LAUA,1705,E07000084,Basingstoke and Deane,"2,320","11,360","25,700","13,610","10,510","6,000","3,160",410,N/A,"73,070"
LAUA,1710,E07000085,East Hampshire,"2,850","5,510","12,120","10,370","8,490","6,060","4,560",640,N/A,"50,580"
LAUA,1715,E07000086,Eastleigh,"4,270","11,500","17,520","9,570","7,100","2,790","1,040",20,N/A,"53,820"
LAUA,1720,E07000087,Fareham,"3,370","6,860","15,200","10,320","7,880","3,410","1,430",110,N/A,"48,580"
LAUA,1725,E07000088,Gosport,"5,980","13,040","8,830","4,970","1,950","1,510",320,30,N/A,"36,620"
LAUA,1730,E07000089,Hart,680,"1,860","8,620","8,460","7,510","6,560","3,630",230,N/A,"37,550"
LAUA,1735,E07000090,Havant,"8,330","14,060","12,490","9,770","5,520","2,440",940,40,N/A,"53,580"
LAUA,1740,E07000091,New Forest,"6,850","11,890","17,750","19,150","13,270","6,750","4,440",590,N/A,"80,690"
LAUA,1750,E07000092,Rushmoor,"1,340","8,420","15,470","8,530","3,780","1,160",320,40,N/A,"39,060"
LAUA,1760,E07000093,Test Valley,"2,680","8,700","13,640","9,720","7,940","4,680","3,550",470,N/A,"51,380"
LAUA,1765,E07000094,Winchester,"2,300","6,490","11,880","9,190","8,350","6,430","5,310",670,N/A,"50,620"
CTYMET,N/A,E10000016,Kent,"65,980","123,020","179,490","126,410","72,750","42,500","33,110","3,330",N/A,"646,600"
LAUA,2205,E07000105,Ashford,"4,010","12,100","12,280","8,520","6,300","5,140","3,030",190,N/A,"51,560"
LAUA,2210,E07000106,Canterbury,"6,260","13,390","20,470","12,850","6,980","3,880","2,100",110,N/A,"66,030"
LAUA,2215,E07000107,Dartford,"1,620","6,730","14,400","10,690","5,450","2,490",980,60,N/A,"42,420"
LAUA,2220,E07000108,Dover,"6,870","16,160","13,350","6,760","4,130","2,230","1,400",70,N/A,"50,960"
LAUA,2230,E07000109,Gravesham,"3,610","6,810","14,520","9,790","4,530","2,000","1,020",100,N/A,"42,380"
LAUA,2235,E07000110,Maidstone,"4,120","8,520","18,410","17,770","9,210","5,220","3,840",350,N/A,"67,440"
LAUA,2245,E07000111,Sevenoaks,"1,690","3,150","10,730","11,610","7,330","5,780","7,520","1,320",N/A,"49,130"
LAUA,2250,E07000112,Shepway,"6,840","12,290","13,700","7,650","4,700","2,590","1,820",90,N/A,"49,660"
LAUA,2255,E07000113,Swale,"9,820","15,700","16,410","10,390","5,230","2,360","1,170",110,N/A,"61,180"
LAUA,2260,E07000114,Thanet,"16,080","19,230","17,300","7,620","3,850","1,480",720,30,N/A,"66,310"
LAUA,2265,E07000115,Tonbridge and Malling,"1,680","3,850","14,640","12,990","8,640","4,900","4,490",390,N/A,"51,560"
LAUA,2270,E07000116,Tunbridge Wells,"3,380","5,100","13,300","9,800","6,410","4,440","5,030",510,N/A,"47,980"
CTYMET,N/A,E10000025,Oxfordshire,"13,240","40,340","82,740","61,740","39,360","20,820","17,720","2,430",N/A,"278,380"
LAUA,3105,E07000177,Cherwell,"5,390","15,080","16,460","10,530","7,260","3,360","2,400",240,N/A,"60,720"
LAUA,3110,E07000178,Oxford,"2,440","9,210","18,830","15,730","6,850","2,790","3,220",580,N/A,"59,660"
LAUA,3115,E07000179,South Oxfordshire,"2,180","5,190","15,880","13,370","9,520","5,930","5,590",820,N/A,"58,480"
LAUA,3120,E07000180,Vale of White Horse,"1,650","5,520","15,690","11,870","8,830","4,950","3,970",430,N/A,"52,920"
LAUA,3125,E07000181,West Oxfordshire,"1,590","5,340","15,880","10,240","6,890","3,790","2,530",360,N/A,"46,610"
CTYMET,N/A,E10000030,Surrey,"8,810","25,950","85,290","130,360","91,340","61,690","65,970","13,260",N/A,"482,660"
LAUA,3605,E07000207,Elmbridge,370,"1,750","7,450","13,250","10,850","7,820","11,130","3,920",N/A,"56,540"
LAUA,3610,E07000208,Epsom and Ewell,160,"1,170","5,100","8,830","7,640","4,560","3,940",130,N/A,"31,530"
LAUA,3615,E07000209,Guildford,980,"3,360","11,680","15,750","9,800","6,390","7,280","1,680",N/A,"56,920"
LAUA,3620,E07000210,Mole Valley,"1,610","2,450","3,860","7,940","6,990","6,080","7,470",990,N/A,"37,390"
LAUA,3625,E07000211,Reigate and Banstead,"1,060","3,620","11,690","16,860","10,530","7,140","7,130","1,010",N/A,"59,050"
LAUA,3630,E07000212,Runnymede,"1,480","1,300","6,520","11,100","6,570","3,930","2,890","1,050",N/A,"34,840"
LAUA,3635,E07000213,Spelthorne,430,"1,610","8,580","14,420","9,910","4,530","2,060",110,N/A,"41,650"
LAUA,3640,E07000214,Surrey Heath,570,"2,040","5,650","9,530","6,610","5,660","4,950",490,N/A,"35,500"
LAUA,3645,E07000215,Tandridge,910,"2,130","4,930","8,580","7,280","4,720","6,040","1,170",N/A,"35,740"
LAUA,3650,E07000216,Waverley,930,"3,230","9,500","12,270","9,230","6,710","8,090","1,990",N/A,"51,940"
LAUA,3655,E07000217,Woking,310,"3,300","10,350","11,830","5,920","4,140","4,990",710,N/A,"41,560"
CTYMET,N/A,E10000032,West Sussex,"26,390","52,530","103,230","78,860","50,250","32,140","21,260","2,690",N/A,"367,350"
LAUA,3805,E07000223,Adur,"2,710","5,000","11,340","6,090","1,910",710,300,10,N/A,"28,060"
LAUA,3810,E07000224,Arun,"7,820","12,340","19,160","14,770","9,930","5,540","2,650",280,N/A,"72,470"
LAUA,3815,E07000225,Chichester,"3,220","5,700","13,870","11,540","8,410","5,780","5,680","1,240",N/A,"55,440"
LAUA,3820,E07000226,Crawley,870,"6,680","21,070","8,380","3,740","2,190",460,10,N/A,"43,390"
LAUA,3825,E07000227,Horsham,"2,190","5,640","12,060","12,710","10,320","7,680","7,110",770,N/A,"58,470"
LAUA,3830,E07000228,Mid Sussex,"2,010","6,190","12,980","16,330","10,680","7,920","4,180",370,N/A,"60,650"
LAUA,3835,E07000229,Worthing,"7,570","10,990","12,770","9,040","5,270","2,310",890,30,N/A,"48,870"
REGL,N/A,E12000009,SOUTH WEST,"435,300","604,120","568,310","389,770","258,880","131,250","74,890","7,620",N/A,"2,470,130"
LAUA,0114,E06000022,Bath and North East Somerset UA,"7,770","18,460","19,720","13,290","9,140","5,200","4,620",400,N/A,"78,600"
LAUA,1250,E06000028,Bournemouth UA,"17,370","18,550","23,710","16,070","7,910","3,430","1,490",130,N/A,"88,660"
LAUA,0116,E06000023,"Bristol, City of UA","49,650","72,170","38,080","17,510","9,390","4,690","2,830",330,N/A,"194,650"
LAUA,0840,E06000052,Cornwall UA,"61,690","67,250","55,660","41,130","23,830","8,490","3,980",360,N/A,"262,380"
LAUA,0835,E06000053,Isles of Scilly UA,20,40,90,260,340,300,150,10,N/A,"1,200"
LAUA,0121,E06000024,North Somerset UA,"12,750","20,420","21,980","16,730","12,200","6,220","3,240",280,N/A,"93,820"
LAUA,1160,E06000026,Plymouth UA,"46,840","31,710","22,130","9,250","4,730","1,660",580,60,N/A,"116,970"
LAUA,1255,E06000029,Poole UA,"4,840","11,970","22,590","12,160","8,080","3,930","3,130",950,N/A,"67,640"
LAUA,0119,E06000025,South Gloucestershire UA,"12,720","34,030","26,720","20,410","11,520","5,560","1,950",180,N/A,"113,080"
LAUA,3935,E06000030,Swindon UA,"14,340","26,690","23,470","16,090","8,070","3,080","1,260",70,N/A,"93,060"
LAUA,1165,E06000027,Torbay UA,"13,410","17,400","16,440","10,010","4,990","2,310","1,210",130,N/A,"65,910"
LAUA,3940,E06000054,Wiltshire UA,"25,010","40,850","52,490","36,310","27,430","16,400","10,470","1,280",N/A,"210,240"
CTYMET,N/A,E10000008,Devon,"58,230","82,790","77,530","62,700","42,890","22,040","12,680",910,N/A,"359,760"
LAUA,1105,E07000040,East Devon,"6,120","12,950","14,860","12,110","9,950","6,050","3,980",200,N/A,"66,220"
LAUA,1110,E07000041,Exeter,"11,410","14,600","13,430","8,440","3,870","1,740",850,50,N/A,"54,400"
LAUA,1135,E07000042,Mid Devon,"6,050","8,780","6,420","5,990","4,400","2,300",940,60,N/A,"34,940"
LAUA,1115,E07000043,North Devon,"9,870","10,900","9,440","7,520","4,170","1,790",600,40,N/A,"44,340"
LAUA,1125,E07000044,South Hams,"4,900","8,550","8,440","7,820","6,590","3,620","2,960",330,N/A,"43,210"
LAUA,1130,E07000045,Teignbridge,"8,460","13,790","13,210","11,280","7,480","3,740","1,970",120,N/A,"60,030"
LAUA,1145,E07000046,Torridge,"8,040","6,890","6,530","5,440","3,120","1,060",370,30,N/A,"31,480"
LAUA,1150,E07000047,West Devon,"3,390","6,330","5,190","4,090","3,300","1,740","1,010",80,N/A,"25,140"
CTYMET,N/A,E10000009,Dorset,"21,100","32,560","46,210","40,760","31,620","16,340","8,390",740,N/A,"197,730"
LAUA,1210,E07000048,Christchurch,"1,740","2,280","6,110","6,120","5,020","1,560",760,40,N/A,"23,620"
LAUA,1240,E07000049,East Dorset,"2,450","3,250","7,430","9,050","9,480","5,120","2,500",170,N/A,"39,450"
LAUA,1215,E07000050,North Dorset,"2,690","6,110","8,080","5,940","4,290","2,600","1,450",140,N/A,"31,310"
LAUA,1225,E07000051,Purbeck,"1,360","2,850","6,930","4,930","3,100","1,820","1,040",100,N/A,"22,120"
LAUA,1230,E07000052,West Dorset,"5,440","8,590","11,590","9,840","7,380","4,380","2,330",270,N/A,"49,810"
LAUA,1235,E07000053,Weymouth and Portland,"7,430","9,490","6,070","4,880","2,340",870,320,20,N/A,"31,410"
CTYMET,N/A,E10000013,Gloucestershire,"49,530","61,720","68,030","40,290","29,420","16,520","11,660","1,300",N/A,"278,460"
LAUA,1605,E07000078,Cheltenham,"9,470","13,030","13,630","8,770","4,800","2,550","1,970",100,N/A,"54,310"
LAUA,1610,E07000079,Cotswold,"3,450","5,030","10,410","6,920","5,920","4,440","4,280",690,N/A,"41,130"
LAUA,1615,E07000080,Forest of Dean,"6,710","9,680","8,350","5,550","4,040","1,940",960,70,N/A,"37,300"
LAUA,1620,E07000081,Gloucester,"16,490","15,700","13,240","5,680","3,550",830,170,10,N/A,"55,670"
LAUA,1625,E07000082,Stroud,"7,230","12,040","11,800","7,750","6,310","3,790","2,460",250,N/A,"51,620"
LAUA,1630,E07000083,Tewkesbury,"6,180","6,240","10,620","5,630","4,800","2,970","1,810",190,N/A,"38,440"
CTYMET,N/A,E10000027,Somerset,"40,050","67,520","53,470","36,790","27,310","15,080","7,260",500,N/A,"247,970"
LAUA,3305,E07000187,Mendip,"6,910","13,140","12,180","7,400","5,570","3,100","1,810",130,N/A,"50,230"
LAUA,3310,E07000188,Sedgemoor,"12,770","12,230","11,360","7,820","5,010","2,610","1,380",60,N/A,"53,240"
LAUA,3325,E07000189,South Somerset,"10,190","22,370","16,030","10,900","9,110","4,660","1,840",170,N/A,"75,260"
LAUA,3315,E07000190,Taunton Deane,"7,370","15,820","10,080","7,280","5,790","3,430","1,550",100,N/A,"51,410"
LAUA,3320,E07000191,West Somerset,"2,810","3,960","3,820","3,390","1,830","1,290",680,50,N/A,"17,830"
NATL,N/A,W92000004,WALES,"208,350","297,570","306,030","226,430","186,680","113,370","51,800","12,540","5,450","1,408,220"
LAUA,6805,W06000001,Isle of Anglesey / Ynys Môn,"4,840","6,780","6,700","7,250","5,420","2,560","1,040",160,50,"34,800"
LAUA,6810,W06000002,Gwynedd / Gwynedd,"9,110","15,600","12,350","10,550","8,130","3,940","1,280",190,80,"61,230"
LAUA,6905,W06000003,Conwy / Conwy,"5,330","8,120","15,190","11,750","8,850","4,900","1,900",420,170,"56,620"
LAUA,6830,W06000004,Denbighshire / Sir Ddinbych,"3,950","7,140","14,240","7,680","5,330","3,580","1,960",300,170,"44,350"
LAUA,6835,W06000005,Flintshire / Sir y Fflint,"4,150","9,290","19,940","12,460","10,280","7,000","3,100",580,230,"67,050"
LAUA,6955,W06000006,Wrexham / Wrecsam,"4,260","12,520","16,680","9,930","7,860","4,900","2,460",720,290,"59,620"
LAUA,N/A,W06000023,Powys / Powys,"5,680","9,170","12,770","10,100","12,090","9,340","4,080",590,210,"64,010"
LAUA,6820,W06000008,Ceredigion / Ceredigion,"2,050","4,840","7,400","7,400","8,750","3,670",930,110,20,"35,170"
LAUA,6845,W06000009,Pembrokeshire / Sir Benfro,"6,410","9,360","13,680","10,890","12,080","5,760","2,020",320,100,"60,610"
LAUA,N/A,W06000010,Carmarthenshire / Sir Gaerfyrddin,"9,040","24,120","17,770","13,640","12,590","6,110","2,050",290,70,"85,670"
LAUA,6855,W06000011,Swansea / Abertawe,"16,850","27,990","23,860","16,410","12,660","7,940","3,760","1,120",500,"111,090"
LAUA,6930,W06000012,Neath Port Talbot / Castell-nedd Port Talbot,"13,420","27,240","11,380","7,080","4,190","1,360",500,100,20,"65,270"
LAUA,6915,W06000013,Bridgend / Pen-y-bont ar Ogwr,"10,350","15,060","14,120","9,920","7,230","4,090","1,410",280,100,"62,550"
LAUA,6950,W06000014,Vale of Glamorgan / Bro Morgannwg,"1,370","6,040","13,200","10,780","9,540","6,740","5,230","2,150","1,000","56,050"
LAUA,6815,W06000015,Cardiff / Caerdydd,"4,040","17,750","31,330","34,710","29,190","20,800","9,760","2,650","1,380","151,600"
LAUA,6940,W06000016,Rhondda Cynon Taf / Rhondda Cynon Taf,"46,410","24,980","16,820","8,850","6,150","3,170","1,120",170,70,"107,720"
LAUA,6925,W06000024,Merthyr Tydfil / Merthyr Tudful,"14,020","6,620","2,150","2,080","1,360",550,140,-,10,"26,920"
LAUA,6920,W06000018,Caerphilly / Caerffili,"15,060","26,530","18,330","9,120","6,220","2,210",750,90,70,"78,380"
LAUA,6910,W06000019,Blaenau Gwent / Blaenau Gwent,"19,090","7,950","2,520","1,560",840,300,50,-,20,"32,330"
LAUA,6945,W06000020,Torfaen / Tor-faen,"5,970","12,880","11,700","3,980","3,500","2,090",640,60,30,"40,840"
LAUA,6840,W06000021,Monmouthshire / Sir Fynwy,520,"3,230","6,850","8,560","7,010","7,350","5,150","1,730",670,"41,060"
LAUA,6935,W06000022,Newport / Casnewydd,"6,470","14,390","17,050","11,740","7,420","5,030","2,490",520,190,"65,300"
